,vel_0x_L,vel_0y_L,vel_0x_R,vel_0y_R,posFromWrist_1x_L,posFromWrist_2x_L,posFromWrist_3x_L,posFromWrist_4x_L,posFromWrist_5x_L,posFromWrist_6x_L,posFromWrist_7x_L,posFromWrist_8x_L,posFromWrist_9x_L,posFromWrist_10x_L,posFromWrist_11x_L,posFromWrist_12x_L,posFromWrist_13x_L,posFromWrist_14x_L,posFromWrist_15x_L,posFromWrist_16x_L,posFromWrist_17x_L,posFromWrist_18x_L,posFromWrist_19x_L,posFromWrist_20x_L,posFromWrist_1y_L,posFromWrist_2y_L,posFromWrist_3y_L,posFromWrist_4y_L,posFromWrist_5y_L,posFromWrist_6y_L,posFromWrist_7y_L,posFromWrist_8y_L,posFromWrist_9y_L,posFromWrist_10y_L,posFromWrist_11y_L,posFromWrist_12y_L,posFromWrist_13y_L,posFromWrist_14y_L,posFromWrist_15y_L,posFromWrist_16y_L,posFromWrist_17y_L,posFromWrist_18y_L,posFromWrist_19y_L,posFromWrist_20y_L,posFromWrist_1x_R,posFromWrist_2x_R,posFromWrist_3x_R,posFromWrist_4x_R,posFromWrist_5x_R,posFromWrist_6x_R,posFromWrist_7x_R,posFromWrist_8x_R,posFromWrist_9x_R,posFromWrist_10x_R,posFromWrist_11x_R,posFromWrist_12x_R,posFromWrist_13x_R,posFromWrist_14x_R,posFromWrist_15x_R,posFromWrist_16x_R,posFromWrist_17x_R,posFromWrist_18x_R,posFromWrist_19x_R,posFromWrist_20x_R,posFromWrist_1y_R,posFromWrist_2y_R,posFromWrist_3y_R,posFromWrist_4y_R,posFromWrist_5y_R,posFromWrist_6y_R,posFromWrist_7y_R,posFromWrist_8y_R,posFromWrist_9y_R,posFromWrist_10y_R,posFromWrist_11y_R,posFromWrist_12y_R,posFromWrist_13y_R,posFromWrist_14y_R,posFromWrist_15y_R,posFromWrist_16y_R,posFromWrist_17y_R,posFromWrist_18y_R,posFromWrist_19y_R,posFromWrist_20y_R,posFromBody_0x_L,posFromBody_0y_L,posFromBody_0x_R,posFromBody_0y_R
21,9.601593,2.316666,1.862411,-6.874834,2.343384,4.873672,6.673176,6.885555,-12.78146,-1.062275,9.122887,14.876209,-18.349628,-7.027931,2.769356,11.290752,-21.126766,-14.340271,-7.276497,-3.264542,-21.232269,-25.874313,-28.262627,-30.253738,-20.940924,-26.885784,-25.352027,-20.902885,0.492422,16.41216,23.353326,26.558284,19.295793,36.240674,42.800828,44.477253,32.759828,48.108745,52.409896,53.89608,42.643056,55.991963,61.097957,63.706838,26.361076,51.312069,71.118382,87.53389,48.794312,73.110947,85.414787,93.678143,39.379601,67.538509,80.912212,88.433865,29.663189,54.541283,65.006001,70.217835,20.434994,38.524773,47.24889,52.575165,-8.983413,-5.079873,5.600763,13.79808,15.387548,37.516735,49.809327,58.590322,29.5772,52.575771,64.564366,71.648484,40.550582,63.17655,73.105498,77.521369,47.860781,67.334675,74.356413,76.471562,-5.867437,308.203093,-66.658487,285.543643
22,17.483505,-3.062388,-0.588501,-15.735647,-6.83567,-12.932888,-16.91241,-20.161148,-29.990455,-30.159336,-25.573059,-22.643795,-31.499874,-33.654613,-30.256016,-25.764324,-29.900333,-34.844238,-34.103428,-33.622844,-25.951252,-35.75655,-40.753029,-44.617607,-18.562483,-23.699302,-21.411314,-16.794655,5.183304,20.799502,28.419762,32.705327,23.026987,39.848022,47.282907,50.276012,35.504313,51.021475,56.469158,59.274072,44.142096,58.311556,63.656696,66.490348,27.440907,53.143158,72.837902,85.385376,49.919003,73.054939,81.470787,85.47234,40.634846,66.787983,75.741051,78.797241,30.953407,54.101864,60.928219,61.879063,21.539646,39.107769,45.741703,47.792404,-8.536377,-4.276402,6.979896,17.026342,14.341063,36.638606,47.049009,54.372596,27.86202,50.876572,60.695332,66.807931,38.761425,60.7288,68.760071,72.528872,46.416364,64.75988,70.649622,72.656028,11.445476,305.23509,-67.41758,269.902381
23,16.987004,-3.261386,-1.986374,-22.52024,-16.14473,-30.349835,-41.03698,-48.691636,-45.322712,-57.415547,-59.385956,-60.352295,-42.970494,-58.043095,-62.276597,-63.614994,-37.350243,-53.549984,-59.944142,-64.130448,-29.816014,-45.250042,-53.486779,-59.95625,-16.51038,-20.088829,-15.734153,-10.003122,9.327622,24.884922,33.225192,38.539025,26.105518,42.62794,51.284063,55.93193,37.77521,53.654489,60.433486,64.356552,45.656427,60.249297,66.329366,70.05052,27.665543,53.102394,71.888477,81.479107,52.58907,74.163506,77.54718,77.0163,44.467667,67.410519,70.516297,68.807007,35.125797,55.446236,56.911263,53.364762,25.472443,41.104225,44.267098,42.864796,-2.56752,2.508932,10.774731,17.727728,12.532629,29.912567,38.711383,45.581092,19.240589,37.335584,45.862241,52.43414,24.699967,41.560621,48.620694,53.2911,28.329731,40.905227,45.624724,48.419807,28.17021,302.318698,-69.666224,247.727135
24,8.141464,-4.814679,-0.946598,-31.026507,-22.456215,-41.462643,-55.151104,-64.704621,-51.780052,-73.709587,-82.982094,-89.149761,-45.339764,-70.467568,-82.110157,-89.706757,-36.4991,-59.986256,-71.502674,-79.651028,-26.331471,-44.54377,-54.777443,-63.354904,-14.941747,-15.438616,-7.529858,0.037952,13.313302,29.065437,37.955261,44.157855,29.537371,47.376558,56.908266,62.961263,40.91607,58.376443,66.215609,71.050876,48.19774,64.261653,71.357442,75.957737,28.201069,51.614525,67.288193,72.845924,50.710053,67.713719,68.0793,64.678722,42.743591,59.806183,59.129265,54.23132,33.561527,49.183125,47.863358,42.338997,24.02227,36.302239,37.354351,34.161266,-1.054301,1.430288,6.254311,10.662456,1.95098,11.924598,17.282743,21.65206,5.074643,15.236587,20.399033,24.980265,8.379902,18.026551,22.852482,26.776591,11.368257,17.700385,20.491813,22.688781,35.779295,297.999022,-71.145201,217.195631
25,8.356865,-3.569088,-3.021137,-36.378828,-27.15239,-50.015522,-67.863991,-80.635918,-56.489319,-84.817921,-98.351498,-107.714196,-48.041142,-79.524319,-95.615227,-106.490399,-37.672371,-66.138977,-81.552029,-92.452767,-26.569176,-47.675354,-59.947174,-70.024727,-14.978451,-14.050478,-4.273795,4.075565,17.198231,35.253484,44.208133,50.308852,33.621642,53.502138,62.269659,67.803225,44.805939,63.695711,71.369163,76.117906,51.417914,68.712364,75.743822,80.108464,28.514522,49.844673,62.273002,62.177296,48.146175,60.127476,57.240188,51.020576,39.053947,49.507015,45.547039,38.215668,29.204132,41.84198,39.651512,33.458427,20.019722,31.946079,33.591911,30.806557,-1.325399,-3.051144,-3.341988,-3.409543,-13.977929,-13.962343,-14.635064,-15.020634,-13.907484,-14.466455,-14.704379,-14.204911,-11.463433,-7.816794,-3.515414,-0.080696,-7.419053,-4.926578,-1.896819,1.102609,43.637787,294.918698,-74.664711,181.305567
26,3.535812,-3.145862,-3.555439,-39.668755,-28.362968,-52.327022,-72.354824,-87.728439,-57.707714,-86.697292,-101.121517,-111.618839,-48.855778,-80.667114,-97.83902,-110.800472,-38.05172,-67.540054,-84.13829,-96.362343,-26.659767,-49.462807,-62.273701,-73.209881,-13.310733,-8.700547,6.8529,18.652478,18.683526,37.585092,47.066016,54.0428,34.806645,54.247885,63.983035,71.07402,46.017543,64.532145,73.401443,79.663429,52.858279,69.59984,77.003023,82.330528,28.997703,48.794197,59.124756,55.861542,40.237896,50.544342,48.191276,43.168613,29.268642,38.174126,37.101002,33.410786,19.340195,34.139133,37.425991,35.216972,11.358135,24.868446,29.976024,29.685608,-7.330917,-17.623111,-25.911801,-31.845954,-35.152182,-49.273198,-57.981581,-64.618571,-34.465542,-50.12142,-58.55213,-63.384168,-30.751718,-36.311225,-32.295256,-28.28243,-24.726329,-29.172889,-26.253886,-22.989629,46.715383,292.285121,-78.678366,142.149097
27,1.089867,-0.25146,-0.811695,-38.218343,-28.784203,-52.513436,-72.673325,-88.608925,-57.892903,-86.938385,-101.537487,-112.434609,-49.182701,-80.870476,-98.00988,-111.376717,-38.583641,-68.119515,-84.649704,-97.027909,-27.308716,-50.401039,-63.247135,-74.281483,-13.458132,-8.745143,6.837586,18.51102,18.526062,37.527738,46.998127,54.255629,34.612304,53.642657,63.433988,70.950507,45.860006,64.160098,73.17041,79.716102,52.739965,69.327188,76.827281,82.37216,26.555614,42.229488,47.04919,41.081165,30.895317,34.720814,31.854103,27.582779,18.348896,20.603828,19.571857,17.362221,7.398491,19.369343,25.26186,25.746128,-0.920254,10.979427,17.506222,18.782913,-8.782594,-24.535353,-38.370014,-49.838974,-54.043479,-78.154742,-89.928947,-99.130468,-55.314494,-81.370747,-93.098416,-100.593298,-51.550843,-61.971392,-53.390135,-45.970372,-44.393279,-52.407538,-46.562756,-40.749548,47.415293,292.589702,-79.880018,104.486795
28,-0.259209,-0.558125,-0.496994,-34.364259,-29.002693,-52.557163,-72.501743,-88.621937,-57.78883,-86.500717,-100.980503,-111.882408,-49.008911,-80.42815,-97.482582,-110.849842,-38.394791,-67.77277,-84.233311,-96.638683,-27.023941,-50.044922,-62.92456,-74.028969,-13.22637,-8.292117,7.276767,18.765111,18.728925,37.783064,47.394491,54.760969,34.808769,53.852609,63.636702,71.053495,46.036847,64.330715,73.356106,79.954681,52.83143,69.38511,76.907557,82.526684,25.079876,37.262798,36.895614,27.296928,20.118553,18.436283,16.385547,13.123604,5.329113,2.734474,3.006237,2.127113,-6.843476,2.729301,12.979751,16.878147,-15.5247,-5.128647,4.659164,8.718693,-17.990772,-39.613346,-55.437704,-67.433296,-72.929731,-101.04738,-116.814736,-130.052005,-69.960981,-100.723246,-117.319342,-129.678996,-60.919757,-73.4657,-62.222827,-52.840741,-48.320951,-56.810101,-49.109936,-41.809919,46.860832,292.490512,-80.672264,70.581471
29,-0.153671,-0.030134,-1.308552,-31.903084,-29.010132,-52.412293,-72.247879,-88.295334,-57.488331,-86.161572,-100.627213,-111.519036,-48.663117,-80.12059,-97.125756,-110.405102,-38.083328,-67.459751,-83.899475,-96.254391,-26.787667,-49.843941,-62.726807,-73.757206,-13.193136,-8.298947,7.23332,18.711783,18.459779,37.500371,47.174882,54.604728,34.5426,53.676286,63.480461,70.91379,45.799675,64.13751,73.175041,79.839726,52.613883,69.224175,76.672498,82.241224,23.014194,33.527836,30.461082,18.594463,14.136578,9.679195,6.434063,2.630848,-1.84869,-7.159229,-7.96637,-9.227325,-14.965107,-6.511494,5.702465,10.936741,-24.482883,-13.874863,-2.033295,3.47089,-20.22838,-44.675985,-62.070403,-74.460259,-80.396771,-111.151045,-129.512289,-145.205838,-76.538753,-110.229531,-130.001009,-145.395044,-65.590461,-78.342143,-63.18459,-50.590081,-51.232212,-59.218769,-48.44184,-38.111966,46.638079,292.933185,-82.049898,39.151194
30,0.049759,-0.169097,0.435963,-27.731604,-28.799172,-52.11549,-71.828522,-87.855904,-57.18219,-85.900521,-100.407395,-111.246231,-48.346894,-79.796059,-96.789574,-109.977768,-37.727417,-67.109402,-83.577839,-95.883271,-26.383026,-49.529801,-62.424477,-73.42273,-13.136388,-8.215769,7.368553,18.82276,18.206899,37.291333,47.024037,54.574174,34.245457,53.430495,63.323417,70.858844,45.504965,63.857299,73.020306,79.825152,52.383887,69.02088,76.487123,82.070558,21.322883,29.571544,24.114727,11.861309,9.860813,4.881305,1.30878,-2.637555,-6.250054,-11.493176,-12.906887,-14.688137,-19.49897,-11.553887,2.189644,8.734336,-29.748745,-19.92334,-6.825016,0.237648,-20.090423,-46.053396,-64.182032,-76.092767,-80.473761,-110.913781,-130.043892,-147.016153,-76.622307,-110.557425,-132.47382,-150.074805,-65.697134,-81.057895,-64.837988,-50.428536,-51.740065,-62.926733,-52.411366,-41.283016,46.209544,293.259725,-82.092229,11.915227
31,0.48191,-0.019761,0.439693,-22.183743,-28.730186,-52.053051,-71.687095,-87.716365,-56.892242,-85.603386,-100.196319,-111.05413,-48.063148,-79.469879,-96.470935,-109.674602,-37.442573,-66.817543,-83.315368,-95.64252,-26.069206,-49.26931,-62.148662,-73.104263,-13.228815,-8.310864,7.432638,18.965664,17.984055,37.12073,46.89293,54.457738,34.031418,53.222656,63.13256,70.732998,45.323889,63.605592,72.857224,79.814903,52.272762,68.866839,76.401241,82.070275,20.490933,27.167656,20.427075,7.92263,7.846962,3.011295,-0.489818,-4.467613,-7.878628,-12.820015,-14.761562,-17.051823,-21.01767,-14.138523,-0.357731,6.776939,-31.447231,-22.385342,-8.860599,-0.783646,-19.419294,-46.118431,-64.473006,-76.60803,-79.860357,-109.797188,-129.624205,-147.308627,-76.032368,-109.371524,-132.350714,-151.494138,-64.862664,-81.838895,-66.148406,-51.612964,-50.731996,-63.297266,-53.816052,-42.812481,45.943559,293.753165,-82.400431,-9.755315
32,0.743432,0.112448,1.556614,-16.749472,-28.655571,-51.92426,-71.50771,-87.487668,-56.577244,-85.365887,-100.077771,-111.052002,-47.804947,-79.276234,-96.376488,-109.705296,-37.211312,-66.647679,-83.203045,-95.633412,-25.813546,-49.087899,-61.968567,-72.904393,-13.309375,-8.492707,7.315831,19.076295,17.902247,36.920868,46.564405,53.952866,34.00668,53.022312,62.829043,70.359025,45.302609,63.399704,72.673986,79.695921,52.22278,68.721737,76.29319,82.001682,19.93047,25.830929,18.682022,6.688614,7.210751,2.718418,-0.637447,-4.607403,-8.127617,-12.24789,-14.376102,-17.027264,-21.190212,-15.08662,-1.397266,6.291893,-31.912445,-24.170357,-10.485775,-1.506626,-18.648106,-45.114369,-63.596329,-75.686727,-78.229621,-107.713757,-127.978677,-146.120926,-74.633654,-107.613959,-131.278579,-151.665252,-63.635337,-82.251709,-67.082554,-52.575628,-49.423362,-63.671078,-55.292517,-44.527957,45.620739,294.41404,-81.910069,-25.95636
33,0.944572,0.249076,3.426773,-14.231389,-28.508698,-51.759647,-71.318996,-87.250763,-56.364521,-85.305244,-100.103336,-111.157974,-47.686798,-79.300152,-96.525787,-109.931717,-37.154892,-66.739346,-83.357792,-95.852108,-25.756027,-49.090279,-61.994854,-72.907208,-13.528687,-8.823331,7.052169,18.856143,17.823343,36.716005,46.265854,53.607805,33.968779,52.81225,62.513055,70.009258,45.235487,63.173377,72.411794,79.44587,52.093908,68.4643,75.971989,81.661129,19.492928,25.091686,17.720238,6.385986,7.244911,2.781212,-0.538994,-4.446224,-8.197952,-12.124306,-14.426857,-17.071918,-21.431133,-15.819534,-2.385269,5.56786,-32.444504,-24.870415,-11.466946,-2.456303,-15.664418,-41.377945,-59.65711,-71.595021,-75.765316,-105.351921,-125.619292,-143.774404,-72.288484,-105.671553,-129.339023,-150.139665,-61.223977,-79.460381,-64.130983,-50.229712,-46.83502,-60.727949,-52.090604,-41.474269,45.215275,295.136952,-79.833332,-39.713913
34,0.898796,0.08713,5.120693,-5.895133,-28.437675,-51.741325,-71.308285,-87.209518,-56.301075,-85.345905,-100.223591,-111.367619,-47.666061,-79.392288,-96.757393,-110.305458,-37.162971,-66.92419,-83.652512,-96.311932,-25.75312,-49.111885,-62.077995,-73.09457,-13.605801,-9.005136,6.864349,18.671275,17.895208,36.723464,46.159384,53.384405,34.056699,52.700581,62.261039,69.62254,45.27907,63.027139,72.188504,79.14533,52.086905,68.322867,75.801373,81.500627,18.806317,23.555489,16.251377,6.250157,7.466114,3.166638,-0.310993,-4.469696,-7.813625,-11.299095,-13.772781,-16.646312,-21.256736,-15.858959,-3.031688,4.916451,-32.915886,-26.318092,-13.598179,-4.768009,-15.105046,-39.803963,-57.608626,-69.689242,-75.134245,-104.753605,-125.079871,-143.513709,-71.660575,-105.152612,-128.661664,-149.536486,-60.668155,-78.146894,-61.953367,-47.833882,-46.19184,-60.091586,-50.976434,-40.164956,44.892157,295.775671,-75.934553,-45.057457
35,0.928276,0.058478,5.486538,3.457165,-28.456192,-51.885246,-71.527061,-87.466988,-56.399563,-85.502323,-100.430649,-111.619823,-47.79966,-79.659187,-97.186111,-110.90142,-37.321175,-67.247669,-84.096416,-96.900638,-25.901985,-49.253517,-62.277271,-73.386783,-13.820977,-9.332846,6.597105,18.385234,17.913819,36.606175,45.991484,53.200487,34.111693,52.485355,61.926302,69.235328,45.318393,62.844666,71.880826,78.735604,52.087695,68.153399,75.546961,81.251315,18.294041,23.676518,17.772724,9.448322,10.11044,6.173935,2.750252,-1.594223,-5.067455,-8.274685,-10.687534,-13.66774,-18.918278,-14.191757,-2.432281,5.040413,-31.419567,-25.666748,-13.971603,-5.803756,-12.742974,-34.454365,-50.183218,-61.499767,-71.304714,-99.629388,-117.933838,-134.410199,-68.567478,-99.72943,-119.982953,-138.424086,-58.245265,-72.77235,-55.968846,-42.296239,-44.319094,-56.025789,-46.086492,-35.371171,44.986805,296.387281,-71.281643,-41.04716
36,0.631783,-0.358548,5.721531,12.737986,-28.448777,-51.990532,-71.684487,-87.642723,-56.452881,-85.586277,-100.602002,-111.883507,-47.920235,-79.893139,-97.624363,-111.505978,-37.483155,-67.558709,-84.558689,-97.502095,-26.064263,-49.438614,-62.550316,-73.763832,-13.909478,-9.503055,6.3566,18.114904,18.079446,36.685821,46.046492,53.267709,34.267082,52.422963,61.809236,69.059833,45.460999,62.81058,71.771961,78.523813,52.211011,68.133911,75.500438,81.25486,18.23719,25.3843,21.775269,14.811493,14.902908,12.266407,9.522663,5.440556,-0.249195,-2.980739,-5.03841,-7.928364,-14.604973,-10.837875,-0.806259,5.670857,-27.945076,-23.294002,-13.107902,-5.963699,-9.404693,-26.667033,-39.072326,-48.633939,-64.787254,-90.255109,-104.855846,-117.789331,-63.530652,-89.39739,-103.852232,-117.93223,-54.49304,-64.200755,-47.023525,-34.172258,-41.649733,-49.648264,-38.839755,-28.520045,44.988837,296.505511,-66.189863,-27.832396
37,0.405441,-0.353434,5.505386,21.558075,-28.453217,-52.12397,-71.827389,-87.816204,-56.833283,-85.905842,-100.851631,-112.098335,-48.345818,-80.296063,-98.053356,-111.95517,-37.92746,-67.909264,-84.929134,-97.888023,-26.484352,-49.821991,-62.99754,-74.229172,-14.146106,-9.764136,6.161925,17.817204,18.159301,36.719796,46.102857,53.467458,34.2748,52.395792,61.799009,69.18153,45.465951,62.814038,71.744321,78.535038,52.246949,68.110136,75.445727,81.232346,18.803696,28.439999,27.746293,21.871983,21.934582,21.284134,19.675427,16.486462,6.685685,4.514214,3.117531,0.688489,-8.251773,-5.805095,1.946274,7.048543,-22.272399,-18.95882,-10.689102,-4.782749,-4.87107,-16.566394,-24.147461,-31.217043,-55.832863,-77.06941,-86.2803,-94.149568,-56.682401,-74.09142,-79.977454,-87.668751,-49.512925,-52.504251,-35.211801,-23.614963,-38.361875,-41.12302,-29.447209,-19.910802,44.752035,296.754199,-61.32672,-5.672199
38,0.318947,-0.619653,2.644627,23.809341,-28.565644,-52.396637,-72.149849,-88.140827,-57.231732,-86.185684,-101.164444,-112.507645,-48.816033,-80.573925,-98.343624,-112.373303,-38.432968,-68.188946,-85.163086,-98.126633,-26.974114,-50.181748,-63.324532,-74.581055,-14.138412,-9.723492,6.270408,17.919833,18.259967,36.797391,46.205795,53.63453,34.336835,52.457049,61.922633,69.456875,45.548104,62.91001,71.901994,78.797737,52.382343,68.206158,75.611712,81.45787,20.295044,32.591664,33.83765,28.334038,31.172287,32.334801,29.798744,26.801193,15.073792,15.259403,13.662415,10.61982,-1.189728,2.275051,7.59383,10.911507,-16.867344,-12.440254,-6.064361,-2.062488,-0.244012,-2.880409,-2.27465,-3.847371,-41.329062,-48.136008,-49.17142,-51.787229,-44.021214,-44.585686,-41.701368,-43.855859,-38.49512,-28.708797,-10.966465,-1.238071,-28.645633,-21.886692,-9.933949,-2.237161,44.538311,296.79443,-59.214764,18.797026
39,0.139663,-0.531881,0.934994,25.683868,-28.711074,-52.667381,-72.489898,-88.553878,-57.602863,-86.499893,-101.440887,-112.811313,-49.188697,-80.887275,-98.610591,-112.696643,-38.816093,-68.397651,-85.259101,-98.180946,-27.375686,-50.496322,-63.597118,-74.800735,-14.15443,-9.753577,6.323489,18.084102,18.334586,36.904368,46.370187,53.855436,34.409577,52.563062,62.087581,69.783016,45.65035,63.034079,72.090407,79.101388,52.489863,68.268168,75.746007,81.67391,23.12063,38.405931,40.903787,34.33996,40.438282,43.079429,39.486357,36.794535,23.061848,24.836763,23.093216,20.038759,5.455827,9.348026,12.409567,14.228845,-11.361323,-6.10877,-1.396334,1.256756,3.612424,9.65908,18.326324,22.432572,-25.86981,-17.425741,-11.049292,-8.75711,-30.08172,-13.180897,-2.732181,-0.371009,-26.096823,-3.891273,12.739554,19.622657,-17.57104,-1.360535,9.749686,14.89758,44.023721,296.702218,-58.934023,44.920563
40,-0.037788,-0.359734,0.27119,22.296975,-28.763237,-52.738335,-72.539211,-88.582752,-57.890488,-86.744911,-101.681511,-113.08049,-49.550514,-81.129764,-98.749775,-112.785232,-39.251221,-68.627129,-85.333054,-98.125385,-27.860458,-50.819595,-63.82275,-74.88921,-14.063224,-9.626839,6.487276,18.282667,18.394238,36.996389,46.474991,53.965489,34.461609,52.711436,62.293618,70.10612,45.709619,63.152653,72.290985,79.428197,52.541018,68.337786,75.898729,81.826608,26.318881,43.794409,46.584059,38.328455,47.572556,50.494748,45.239729,42.5003,28.817494,31.058836,28.849675,25.963633,10.03871,14.026219,15.413493,16.356761,-7.650865,-1.661886,1.869265,3.764248,5.313942,18.329553,33.981749,43.559259,-12.340462,10.379288,21.789573,26.888745,-16.953891,14.96671,29.305968,33.483215,-13.808315,19.172853,33.789432,37.590938,-6.24311,18.096345,27.632152,30.117202,43.257305,296.712174,-59.391461,67.587228
41,0.22197,-0.065381,-0.073986,15.391796,-28.855912,-52.866234,-72.650208,-88.515473,-58.336212,-87.022374,-101.928818,-113.374077,-50.052246,-81.381169,-98.891922,-112.923478,-39.819649,-68.865807,-85.386361,-98.049397,-28.465302,-51.124741,-63.967507,-74.861344,-13.90187,-9.426583,6.675442,18.503832,18.360423,37.010097,46.482561,53.954287,34.375874,52.808792,62.406708,70.321011,45.610867,63.246834,72.44173,79.652882,52.445675,68.33886,75.951512,81.821939,28.856638,46.985888,49.436537,40.563544,51.722912,54.094975,47.992236,44.977587,32.029152,35.001441,32.701859,29.613379,12.423953,17.328095,18.061781,18.378943,-5.877107,1.737139,5.024695,6.444569,6.128352,24.285165,45.487842,59.416493,-0.827338,33.929746,48.417164,54.692266,-4.933345,38.632246,54.605482,59.20204,-2.075104,39.107478,52.218612,54.048654,4.720452,35.579692,44.124708,44.958934,42.670304,296.98655,-60.274418,83.318781
42,0.498962,0.106297,0.955845,7.784553,-28.918831,-52.977699,-72.81776,-88.597446,-58.558079,-87.205032,-102.198692,-113.742462,-50.314201,-81.555748,-99.055115,-113.105587,-40.144409,-69.11919,-85.543888,-98.119846,-28.858108,-51.372162,-64.08221,-74.857864,-13.654004,-9.234144,6.737094,18.554776,18.230525,36.906678,46.425491,53.905146,34.251435,52.719205,62.362519,70.327174,45.521564,63.193828,72.435926,79.65876,52.396139,68.277381,75.931444,81.754557,30.591425,47.995863,49.06386,39.265177,52.380822,53.410469,46.016905,42.603888,32.040436,35.168936,32.164776,28.619139,11.89337,17.506932,18.133444,18.285971,-6.880102,2.077395,5.624548,7.022438,6.146383,27.947768,53.232925,70.613245,9.012232,54.025275,69.557332,75.033797,6.078322,58.207924,72.463158,74.963333,8.995269,56.496758,67.643205,67.440349,15.210501,50.904329,58.220635,57.581676,42.534107,297.2046,-59.953732,91.215087
43,0.496399,0.327253,5.106926,4.58679,-28.958359,-53.10894,-72.934685,-88.687111,-58.846035,-87.406254,-102.371075,-113.895504,-50.569908,-81.753925,-99.19622,-113.199097,-40.398308,-69.308407,-85.64193,-98.167385,-29.138077,-51.530548,-64.163074,-74.844051,-13.712507,-9.364549,6.585669,18.386716,18.133354,36.902799,46.434543,53.850879,34.180162,52.62559,62.244785,70.156211,45.470373,63.088457,72.315166,79.494887,52.339056,68.157807,75.820626,81.601996,30.172434,45.928568,45.953505,35.971064,48.552452,48.549294,41.004759,37.095629,28.395607,29.576357,26.099156,23.176443,8.408038,12.202149,12.462874,12.66778,-9.891832,-2.804586,0.827231,2.907704,6.804438,28.893456,54.876504,72.501875,15.280016,59.585844,73.052732,76.549726,13.049455,64.476653,75.604012,75.563071,15.208423,61.83723,69.439864,67.088081,19.622882,54.937959,60.692584,59.143801,42.55061,297.53406,-55.326702,95.804084
44,0.36042,0.347049,0.322598,1.777665,-28.952041,-53.077217,-72.879856,-88.622749,-58.832828,-87.415386,-102.404217,-113.874012,-50.556518,-81.832912,-99.259254,-113.178692,-40.409889,-69.447773,-85.746551,-98.180134,-29.204109,-51.650574,-64.244785,-74.839828,-13.726215,-9.431819,6.489808,18.194352,18.022179,36.854437,46.436347,53.85535,34.096725,52.518084,62.161534,70.060857,45.428852,62.980369,72.195136,79.362568,52.370796,68.123376,75.730965,81.428972,30.961761,47.056263,46.474239,35.426502,49.767528,49.280308,41.311363,37.456466,29.304817,29.429477,25.764816,23.529808,9.095123,11.44186,11.529819,12.234443,-9.379772,-3.169384,0.131332,2.278106,6.284599,28.474208,55.020488,73.045136,16.542608,60.738514,73.463989,76.391404,14.533126,66.084408,76.68063,76.136868,16.4871,63.136147,70.33312,67.642951,20.582906,55.615848,61.125751,59.36369,42.458679,297.867429,-55.456455,97.568069
45,0.214943,0.299576,0.673256,-2.567409,-28.943161,-53.043434,-72.836998,-88.59272,-58.780552,-87.416324,-102.403255,-113.817203,-50.408478,-81.837375,-99.274784,-113.124492,-40.198883,-69.438618,-85.744984,-98.128418,-28.991318,-51.609329,-64.259308,-74.860359,-13.794856,-9.565176,6.293417,18.025575,18.013164,36.957696,46.570518,53.956325,34.153721,52.544574,62.159657,69.982681,45.540114,63.023866,72.235262,79.374906,52.536806,68.250718,75.849847,81.540209,31.023216,46.77602,46.255542,35.5368,50.110439,49.673916,41.775226,37.324745,29.88612,30.564251,26.749294,24.097492,9.648571,12.333961,12.059623,12.148281,-8.935387,-2.305424,1.026855,2.836933,6.715641,28.949099,55.516763,72.846633,18.540363,62.248855,74.203784,76.502628,16.700553,68.012169,78.205519,77.59482,18.315944,64.487764,70.675872,67.731797,21.771225,56.603015,61.611096,59.818704,42.235302,298.176928,-55.221519,95.010583
46,-0.083244,0.319509,1.764656,-4.043189,-29.005165,-52.99308,-72.74778,-88.630577,-58.650982,-87.42366,-102.350578,-113.642258,-50.162293,-81.804234,-99.18845,-112.901493,-39.869156,-69.367024,-85.659073,-97.967709,-28.665802,-51.518463,-64.246857,-74.890114,-13.937451,-9.771743,6.098977,17.823429,17.925317,36.917879,46.573433,53.937441,34.222906,52.517874,62.094696,69.828725,45.728774,63.081949,72.242487,79.322776,52.798097,68.45626,75.993775,81.632279,31.109058,46.756222,45.715748,34.633838,49.852306,50.081371,41.145916,36.048763,29.712353,30.443802,25.481437,22.536484,9.353794,11.622791,10.357807,10.118156,-9.555222,-3.559376,-0.68145,1.109813,7.511678,30.546441,57.493462,74.556941,21.818069,65.306347,76.403204,77.535793,20.208323,71.137401,79.812988,77.945124,21.403656,67.438119,71.238338,66.511406,24.10184,58.769065,62.233597,59.235861,41.731425,298.491886,-53.877496,90.962843
47,-0.340508,0.247076,-2.23304,-1.180476,-29.009193,-52.915764,-72.615875,-88.536312,-58.546234,-87.415661,-102.245853,-113.384731,-49.946457,-81.742698,-99.078151,-112.65604,-39.574974,-69.290359,-85.587673,-97.827026,-28.361183,-51.40464,-64.222515,-74.902816,-14.091691,-9.940013,5.926261,17.714724,17.864678,36.887609,46.549634,53.858215,34.2965,52.528766,61.996389,69.579994,45.860549,63.110675,72.180674,79.168956,52.945396,68.574154,76.023958,81.593117,31.954662,49.003544,47.881084,35.688824,53.031361,54.105503,44.034038,38.678135,32.253754,33.214291,27.759521,25.11906,11.452,13.869301,12.07711,12.059715,-7.852696,-1.659496,0.755642,2.507023,6.106368,29.052877,56.072764,73.738507,19.550501,64.061723,75.082146,75.887878,18.124801,69.801115,78.160207,75.90402,19.879229,66.456985,69.743095,64.235687,23.392346,58.327605,60.824791,56.891228,41.011682,298.747959,-56.489771,89.791364
48,-0.279258,0.182633,-4.204067,-0.426301,-28.907662,-52.68908,-72.433159,-88.302132,-58.298378,-87.380024,-102.233025,-113.282319,-49.652642,-81.687321,-99.064511,-112.53693,-39.221123,-69.246827,-85.643979,-97.841137,-27.976639,-51.312699,-64.265076,-75.030705,-14.029385,-9.925354,5.77233,17.570166,17.697471,36.763775,46.442275,53.754808,34.163675,52.426174,61.908851,69.457432,45.786906,63.034166,72.07907,79.021051,52.95808,68.589777,75.959182,81.450498,33.707657,52.448524,52.548523,40.349876,57.262642,58.693107,48.453872,42.812885,36.197399,38.178371,32.987423,30.050056,15.277038,18.85168,16.954776,16.513412,-4.120858,3.601158,5.856926,7.14331,4.086908,26.383871,53.225416,70.957677,17.170882,62.748589,74.019287,75.43904,16.16477,69.046415,78.547161,77.626054,18.574259,65.98788,70.106484,65.468991,22.919858,58.27224,60.612704,56.808941,40.350592,298.880037,-61.07567,89.314508
49,-0.183861,-0.124266,1.699321,-2.104768,-28.858681,-52.555275,-72.225723,-88.043541,-58.078652,-87.166798,-102.063881,-113.117581,-49.435639,-81.423798,-98.8843,-112.390709,-38.973679,-68.993168,-85.533909,-97.805042,-27.681221,-51.051888,-64.0616,-74.943466,-13.921371,-9.682181,5.971388,17.680563,17.56588,36.695503,46.411387,53.748435,34.008446,52.436856,62.027202,69.63069,45.663392,63.080194,72.246327,79.268917,52.908148,68.69322,76.143432,81.706724,33.550793,51.691327,52.316998,41.370919,55.205647,57.268467,47.691983,41.423527,34.506123,37.66119,32.471352,28.8937,13.892865,19.109036,17.002373,15.609856,-5.114914,3.639061,6.326443,7.597207,4.873231,27.484626,54.467358,71.716557,21.025342,66.004076,76.611735,77.299091,20.849514,72.65856,80.888741,79.246341,23.148784,69.533088,71.307609,65.439295,26.620645,61.637766,62.559762,57.947389,39.799994,298.677289,-59.743086,87.131258
50,-0.171547,-0.049314,-1.083,0.779611,-28.828766,-52.391007,-71.998249,-87.903717,-57.686566,-86.790722,-101.734314,-112.80217,-49.095863,-81.104244,-98.630013,-112.196938,-38.678307,-68.695439,-85.332001,-97.69455,-27.402786,-50.750061,-63.745686,-74.653462,-13.901611,-9.665656,6.001535,17.607599,17.367155,36.50956,46.272115,53.599024,33.803694,52.346713,62.023237,69.652884,45.474078,62.996943,72.250402,79.336361,52.745423,68.642412,76.165415,81.819333,33.333802,52.083126,52.775791,41.719128,56.176609,58.886387,49.186558,43.522934,35.380406,38.465538,33.068035,29.960541,14.779026,19.718731,17.660797,16.862206,-4.210087,4.039982,6.388996,7.873169,4.281841,26.8113,53.83207,71.888113,19.332004,64.47668,75.411727,76.228426,19.301493,71.089235,79.638568,77.959327,22.039401,68.592629,71.195384,65.442506,26.073982,60.937319,62.155359,57.483187,39.299303,298.53443,-61.15523,87.817324
51,-0.128906,0.134974,-2.155597,1.394133,-28.661019,-52.163704,-71.745678,-87.726735,-57.44228,-86.504837,-101.459885,-112.520565,-48.904427,-80.849476,-98.369591,-111.944435,-38.515892,-68.417279,-85.069256,-97.470749,-27.221581,-50.47966,-63.422917,-74.284195,-13.943132,-9.789256,5.826336,17.342838,17.187177,36.274736,46.061583,53.410488,33.587148,52.199932,61.957362,69.646869,45.20797,62.805109,72.167249,79.341956,52.433287,68.384617,75.992502,81.736884,33.747928,53.068039,54.288185,43.120765,57.753707,60.609123,50.832275,44.94762,36.881034,40.137394,35.103103,32.051971,16.31607,21.566734,19.932094,19.135345,-2.583218,6.149551,8.708839,10.156551,3.521971,25.850958,52.828274,70.923997,17.300464,62.915327,74.388517,75.835563,17.095305,69.369406,78.779168,77.901127,20.0593,66.841776,70.921033,66.373992,24.638284,59.521673,61.664177,57.873579,38.90411,298.594096,-63.577114,89.136149
