frame,0x_L,0y_L,1x_L,1y_L,2x_L,2y_L,3x_L,3y_L,4x_L,4y_L,5x_L,5y_L,6x_L,6y_L,7x_L,7y_L,8x_L,8y_L,9x_L,9y_L,0x_R,0y_R,1x_R,1y_R,2x_R,2y_R,3x_R,3y_R,4x_R,4y_R,5x_R,5y_R,6x_R,6y_R,7x_R,7y_R,8x_R,8y_R,9x_R,9y_R,x_Body,y_Body
1,988.9327239990234,730.3254570960999,920.6295204162598,763.1264731884003,938.5608673095704,734.2541418075562,988.2170104980468,759.9589240550995,941.5449714660645,717.707439661026,1006.3528060913086,746.8550543785095,949.3556213378906,700.3431620597839,1014.0468978881836,735.1163010597229,960.0205993652344,685.4071576595306,999.257926940918,717.3809652328491,934.1670799255372,678.8846468925476,992.453498840332,703.3522596359253,954.6137237548828,707.5616617202759,1015.9247589111328,733.1877739429474,944.2178535461426,724.3803126811981,1009.434814453125,745.1590175628662,934.7618865966796,736.1918697357178,996.3162231445312,754.1447522640228,927.02299118042,743.180534362793,978.0925369262696,758.2711617946625,972.0743179321288,402.338128387928
2,985.356559753418,730.7291812896729,920.6162738800049,764.8388121128082,939.6006202697754,736.2002060413361,989.7846794128418,760.2391782999039,944.4181823730469,719.2708365917206,1006.1173439025879,748.4153946638107,953.0313491821289,701.1994241476059,1013.3205986022949,734.4088883399963,963.4602355957031,684.5615475177765,997.0000076293945,713.5559903383255,934.2783737182618,678.9413955211639,992.5240516662598,703.6780548095703,955.0827598571777,707.3211747407913,1016.9365310668945,733.7849004268646,944.5974826812744,724.2485990524292,1010.7211875915527,745.9338617324829,935.0397205352783,736.0940879583359,997.6271438598633,754.7271512746811,927.0615577697754,743.0507658720016,978.5198020935059,758.3817876577377,972.7824354171752,402.44880828261375
3,978.4186553955078,723.9088071187338,927.6846122741699,758.4925781885782,942.0084571838379,730.4024186929067,994.5449829101562,756.0390696525574,944.271354675293,721.1406802336375,1008.5507202148438,747.6513053576151,950.17578125,710.3018568356832,1009.8074722290039,738.5564782619476,958.0318260192871,699.9243295987447,985.4896926879883,725.1934626897176,934.1354370117188,678.6985517342886,992.70751953125,703.7505497932434,955.1541328430176,707.2223226229349,1017.09228515625,733.8765792051951,944.616641998291,724.2024714946747,1011.300163269043,745.981965303421,935.0631904602051,736.0082034269968,998.2460403442383,754.9753982226053,927.0983695983887,742.8193562030792,978.9229202270508,758.5723597208658,973.2449436187744,402.5466955502828
4,980.9713268280029,724.9398640394211,925.4550504684448,759.6968707442284,941.2839031219482,731.5571462512016,992.7688980102539,757.6198956370354,944.0111303329468,720.6911732554436,1007.629451751709,748.0613641142845,950.4885149002075,708.3741118907928,1010.7255935668945,737.8255695104599,959.0225172042847,696.6954725980759,986.1952972412109,722.8124542832375,934.0576028823853,678.6021541953087,992.8250026702881,703.7155990600586,955.1548862457275,707.035918712616,1017.1304798126221,733.7982693910599,944.6255207061768,724.0903173089027,1011.6628932952881,746.0582116246223,935.1360654830933,735.97186845541,998.6730766296387,755.2369009256363,927.2189140319824,742.829992711544,979.1659641265869,758.8301728367805,973.5672426223755,402.6235619485378
5,981.6903076171875,726.3442351341248,924.395622253418,760.8582323551178,941.0879402160645,732.8957685947419,992.4938507080078,758.1788078784942,944.6756973266602,720.8013823032379,1007.5542068481445,748.333964395523,951.8525047302246,707.2417822360992,1011.4314422607422,737.0246728420258,960.8135032653809,694.3330809116363,988.180549621582,720.7130915641785,933.9968948364258,678.5811930179595,992.8498764038086,703.6820315361023,955.1578674316406,706.8756269931794,1017.0121536254883,733.8106256484986,944.6439170837402,723.9767243385315,1011.8089141845703,746.1093440532684,935.1682090759277,735.9247621536255,998.8224105834961,755.3604326248169,927.2307357788086,742.8428213596344,979.2011489868164,758.9093646526337,973.792459487915,402.6864254117012
6,978.6589508056641,726.2880916595459,924.642505645752,761.2762826442719,940.8627777099609,734.2993801593781,993.9708023071289,758.1755227565766,945.1126441955566,722.1066501617431,1008.3976821899414,748.7299697875976,952.576000213623,708.1429306983948,1011.6092834472656,736.4735627651214,961.4761619567871,694.4472697734833,988.1673889160156,719.1004548549652,934.0521812438965,678.4843436717987,992.9599456787109,703.735495042801,955.3047409057617,706.7401589393615,1017.2404632568359,734.2071620941163,944.7707633972168,723.933486700058,1012.4221115112305,746.3756982803345,935.3024711608887,735.9051996231079,999.4327011108398,755.5686179637909,927.3100318908691,742.7647564888,979.5115814208984,758.9304832935334,974.3361682891846,402.8252990007401
7,975.0382919311523,721.7130406856537,929.169548034668,756.4016186714173,942.4338912963867,730.3323484420777,997.5647277832031,755.3324596881866,944.5361137390137,723.3894408702851,1010.2381439208984,748.0823191165924,949.9501991271973,714.5329250812531,1009.5648651123047,739.765798330307,957.254322052002,705.5944788455963,978.1982116699219,727.378023481369,934.0740509033203,678.4040187358856,993.0318603515625,703.7336795806884,955.2410774230957,706.6554867744446,1017.1269378662109,734.2098544120788,944.7071914672852,723.9069093227387,1012.5450210571289,746.2498262405395,935.3054237365723,735.9219463348388,999.5394515991211,755.5864514827729,927.3766708374023,742.779267835617,979.5731506347656,758.9003984928131,974.6045951843262,402.9286969780922
8,979.8733749389648,725.847551870346,924.7198104858398,759.9478583812713,940.4606323242188,733.6022427082062,995.1247787475586,757.8693148136139,943.61572265625,722.3560106754303,1009.3214721679688,748.3896632671356,950.3753700256348,709.4572141170502,1012.0574340820312,737.564593744278,959.1865196228027,697.1686351299286,984.6349411010742,721.6086207389832,934.1436424255371,678.5029799461365,992.953125,703.6279999256134,955.1198043823242,706.4927003383636,1017.0398254394531,734.2689989566803,944.6114273071289,723.7594369888305,1012.6103439331055,746.2366116523742,935.2444267272949,735.836718416214,999.5823440551758,755.5702605247498,927.3093338012695,742.7885427474976,979.491325378418,758.8433905124664,974.7368030548096,403.0073793530464
9,979.3436508178711,727.0690738201141,925.1098594665527,760.3659827709198,940.8264770507812,734.1852036476135,995.9737930297852,757.7576083183288,944.4686508178711,722.6934643268585,1009.825080871582,748.6326758384705,951.5329742431641,709.523892211914,1011.8974456787109,737.4264704227447,960.3871879577637,696.8243642330169,985.747673034668,721.0630928993226,934.1982536315918,678.5742028713227,992.7755355834961,703.622207736969,955.1379661560059,706.3946653842926,1016.9057922363281,734.4636239051819,944.6393280029297,723.6604757785797,1012.5078964233398,746.21062707901,935.2162742614746,735.7197754859924,999.4530258178711,755.4700890064239,927.1908416748047,742.6666350841522,979.3241958618164,758.6853341579438,974.7971649169922,403.0720443844795
10,976.6595764160156,726.2341094493866,926.9450569152832,759.6975469112397,940.6998825073242,733.8333250999451,996.1666717529297,757.1083274364471,943.853141784668,723.5647008895874,1010.5915145874023,748.385760641098,950.4795227050781,711.6119453430176,1011.9841918945312,737.8296882629395,959.067455291748,699.9858371257782,986.4427642822266,723.666823720932,934.1661758422852,678.5517998218536,992.6349563598633,703.6255669593811,955.0631332397461,706.3907133579254,1016.7832717895508,734.5946459293366,944.6346702575684,723.6600311756134,1012.4998168945312,746.2455284118653,935.2366790771484,735.6655833244324,999.473876953125,755.5277391910553,927.1902694702148,742.5605849266052,979.3779144287109,758.7660542964935,974.8246536254883,403.12697755098344
11,980.0373687744141,726.9863529682159,926.407527923584,759.307037305832,940.9121589660645,732.7037742137909,994.7707901000977,757.1667433261871,943.5436363220215,722.6630337238312,1010.0003814697266,748.2057952404023,949.8567237854004,711.1843607902526,1012.0233535766602,738.4462537765503,958.3967399597168,700.3020362854004,986.5239944458008,725.6088741779328,934.0641860961914,678.6059672832489,992.628547668457,703.7587008476257,954.860767364502,706.1789588451386,1016.5612106323242,734.6902973175049,944.4700813293457,723.4873893737793,1012.4037094116211,746.3291878700256,935.1361427307129,735.5482945919036,999.4815216064453,755.6332335948944,927.1657333374023,742.5238557815552,979.4718017578125,758.8608535289765,974.8315944671631,403.1724721670151
12,984.0317687988281,732.4968609333039,922.0047569274902,763.9946345806122,939.1614074707031,736.7524152755738,990.9759063720703,760.1514494895935,943.7597808837891,721.5352982997895,1008.2844085693359,748.8443933010101,952.0915603637695,705.0425536632538,1013.9328231811523,735.2783094406128,962.3406944274902,689.4845373630524,996.6933288574219,718.189031124115,933.8880615234375,678.6693726062774,992.6348190307617,703.8016667842865,954.6759567260742,706.0319064140319,1016.3953857421875,734.9109685897827,944.3291015625,723.3602576255798,1012.289909362793,746.4599134922028,935.0286483764648,735.4667963981628,999.411003112793,755.6303436756134,927.1017036437988,742.5010945796967,979.5826263427734,758.9493789196015,974.832670211792,403.21549985408785
13,980.8362121582031,732.236385345459,923.4414825439453,763.9202623844146,939.4959983825684,737.6482038021088,991.0956115722656,759.7426370620727,944.616268157959,722.6899939537049,1008.4604873657227,749.053319644928,953.115852355957,706.3191816806793,1013.3325576782227,735.0770401477814,963.192741394043,690.5547337532043,996.4656372070312,718.0247256278992,933.5402526855469,678.5258522987366,992.7772979736328,703.6827231407166,954.5691947937012,705.8210287570953,1016.1757507324219,735.0836721420288,944.2147521972656,723.1876775741578,1012.0697937011719,746.5122037410736,934.8966865539551,735.3493347644805,999.2151489257812,755.6158323287964,927.0151634216309,742.4003055572509,979.6059265136719,759.1858335971832,974.8271541595459,403.24466148614886
14,981.8164901733398,732.2192063808441,922.4969215393066,763.296743774414,939.2136039733887,737.0898689270019,990.0010986328125,759.9000388622284,944.087230682373,722.4272953510284,1007.9474945068359,748.80436668396,952.4352607727051,706.3915902137757,1013.5370407104492,735.4372056007385,962.5930023193359,691.241237783432,996.9321899414062,719.1673305511474,933.0896987915039,678.4404885292054,992.795654296875,703.5548997879029,954.3501892089844,705.6484487056732,1015.9817962646484,735.3016757965088,943.9911575317383,723.0669184684754,1011.8894577026367,746.6528588294983,934.6688117980957,735.333563709259,998.9760131835938,755.6108428955079,926.832836151123,742.4545471191407,979.6177825927734,759.3386658668518,974.8130893707275,403.26844156980513
15,983.8706130981445,732.9131945610046,920.6229858398438,763.4740292072296,939.1946411132812,736.6929743289948,989.3597259521484,760.1789160728455,944.1877098083496,721.555947637558,1006.9582901000977,748.9434286117554,952.756404876709,705.0761335372924,1012.9911575317383,735.6979528903961,963.3059921264648,689.5897106647492,995.1144790649414,718.5674376487732,932.754581451416,678.3398600578308,992.7362823486328,703.4425016880035,954.2779312133789,705.4183419704437,1015.8435745239258,735.5086631774902,943.8020324707031,722.9182605266571,1011.5356979370117,746.6615779876709,934.365119934082,735.3190894126892,998.5707321166992,755.4667421340943,926.4866065979004,742.5316486835479,979.4222030639648,759.2507826805115,974.7948875427246,403.28647577762604
16,979.4622802734375,730.4381515979767,923.2761383056641,761.5551722049713,939.8125305175781,736.1723813056946,990.3827590942383,758.7956450939179,944.5924530029297,723.3691990852356,1007.3326721191406,748.8083928108215,952.7669334411621,708.9843418121338,1011.6614227294922,736.524383354187,962.9020500183105,695.0720851421356,992.2638931274414,722.014049243927,932.2438659667969,678.1834709644318,992.4872131347656,703.2006253242492,954.2726211547852,705.2755873680114,1015.6630325317383,735.5440338134765,943.7691993713379,722.8158042430878,1011.205810546875,746.6787569522858,934.2014579772949,735.3023674011231,998.1072463989258,755.4234550952912,926.1705894470215,742.5779367923736,979.0192108154297,759.2638861179352,974.7626953125,403.3014873027802
17,980.9009857177734,730.1090713024139,922.0293502807617,760.8233063220978,939.3769340515137,735.393313407898,989.34375,759.1644309043884,944.1199951171875,722.8396152019501,1006.8780899047852,748.7257584095001,952.331371307373,708.8219258785248,1012.0437927246094,737.0654651641846,962.6724815368652,695.5867377758026,991.9023971557617,722.7765309810638,931.8475227355957,678.0025299072265,992.2624740600586,702.8735827922821,954.1934623718262,705.0095418930053,1015.2976684570312,735.5216554641723,943.6227836608887,722.6002088546753,1010.8513412475586,746.7425327777862,933.9152183532715,735.1540676116944,997.6980743408203,755.4734482288361,925.7561073303223,742.4807539939881,978.6302032470703,759.4099999427796,974.7215995788574,403.3206577181816
18,982.9803314208984,730.9681800842285,920.5263862609863,761.0878450870514,939.5386734008789,734.7949766159057,988.3963623046875,759.5734779834747,944.3310928344727,721.8917093276978,1005.8239974975586,748.8975974559784,952.7009582519531,707.6577577114106,1011.8262405395508,737.376637840271,963.3753547668457,694.2657235622406,992.2737579345703,722.5292205810547,931.6689491271973,677.9323073387146,991.9663009643555,702.7354965209961,954.2497329711914,704.8857940673828,1015.1558074951172,735.4835925102234,943.6526985168457,722.5306655406952,1010.6341781616211,746.8832249164582,933.8378105163574,735.143928194046,997.3783264160156,755.5110789299011,925.5183792114258,742.5456413269043,978.3722076416016,759.2871042728424,974.686185836792,403.3464632153511
19,978.7444381713867,729.8836081981659,922.357006072998,760.7635319232941,939.4386177062988,734.865767288208,989.174560546875,758.2750397205352,944.1384658813477,723.0801948070526,1006.3059768676758,748.5246373176575,952.2915573120117,709.8842676162719,1010.8351821899414,737.479921579361,962.7193794250488,697.129806470871,990.5518112182617,724.3345432758331,931.5728988647461,677.7961476802826,991.751838684082,702.7565040111542,954.1942749023438,704.8305891990661,1014.9475708007812,735.4299314022064,943.4950332641602,722.4985182762146,1010.2951583862305,746.8302183628082,933.5665283203125,735.0870066642761,996.9942398071289,755.4257645606995,925.151195526123,742.4395541191101,977.9275817871094,759.1110291481018,974.6492786407471,403.3702896118164
20,980.4736404418945,730.1901495933532,920.9608268737793,760.7092409610748,939.1178283691406,734.8562330245971,988.2504959106445,759.0912813663483,943.9932518005371,722.571519613266,1005.6250534057617,748.4104731559753,952.2776184082031,709.0029410362243,1010.8051986694336,737.283234167099,962.7650871276855,696.0630434036254,990.0082168579102,722.9913112640381,931.4441299438477,677.808930015564,991.5774536132812,702.8079050540924,954.1487503051758,704.7185863018036,1014.7421722412109,735.21060628891,943.4657707214355,722.3837366104126,1010.233154296875,746.8079758644104,933.5315208435059,735.0133754730225,996.8878784179688,755.3747216701507,925.0822334289551,742.4355279922486,977.7507705688477,759.0899228572846,974.6076049804688,403.39338426589967
21,983.3233108520508,732.6300195217133,917.7638740539551,762.655033493042,938.7096977233887,735.4951768875122,986.6158905029297,760.4315987586975,944.2908668518066,721.0137913703918,1004.0692520141602,748.8100724220276,953.2812423706055,705.4686809062957,1011.0884399414062,736.6996927738189,964.4159545898438,690.7921393871308,991.1892929077146,719.1283166408539,931.2357330322266,677.7188485145568,991.1829071044922,702.836013841629,954.106143951416,704.7152394294739,1014.5181884765625,734.9815987110138,943.3829040527344,722.3333112239837,1010.0519027709961,746.6874390602112,933.3365364074707,734.8787966251373,996.6579208374023,755.3523680210113,924.7706451416016,742.2569334506989,977.4103775024414,759.2681839466095,974.5643062591553,403.41060028076174
22,979.2228927612305,731.6261060237885,919.3048667907715,762.7495733737945,938.7405853271484,736.2445798873902,987.4995346069336,759.4415420532226,944.2180709838867,722.2224074840545,1004.6580963134766,748.6676389217376,952.9450950622559,706.9641647338867,1010.2920913696289,736.4321899890899,963.7296981811523,692.2635158538818,990.9575271606443,719.533843946457,931.0859069824219,677.6114151477814,990.7126235961914,702.9500545024872,954.1816062927246,704.8744196414948,1014.4019622802734,734.8076478004456,943.518367767334,722.4816727638245,1009.9432525634766,746.5615052700043,933.4535522460938,734.955132484436,996.5704879760742,755.4276664733886,924.8112030029297,742.273593711853,977.357551574707,759.4588692188263,974.5179462432861,403.4221167325974
23,979.8224487304688,730.4667296886444,918.7380523681641,762.4650151252747,938.1563529968262,735.70801820755,987.2462768554688,759.6670051574707,943.3482398986816,721.5474754810333,1004.460205078125,748.4112882614136,951.9118537902832,706.2859352588654,1010.2599334716797,736.2977222919465,962.5703315734863,691.7646466255188,990.0018768310545,719.1449522018432,930.7704963684084,677.5200739383697,990.3542633056641,702.8876618862153,954.0366096496582,704.8814962387085,1014.1798095703125,734.5075284481048,943.4314727783203,722.4845750331879,1009.760856628418,746.3069453716278,933.364013671875,734.9182180881501,996.4014129638672,755.4421654701233,924.6786918640137,742.2278119564056,977.1028518676758,759.6681907653808,974.4466552734375,403.43190108537675
24,982.2317962646484,730.7788533210754,916.8276214599609,763.5683344364166,937.7449493408201,736.1924254894257,986.4645080566406,760.6554810523987,943.340446472168,720.5976800441742,1003.4368743896484,748.8636594295501,952.2410888671875,703.872185754776,1010.6735916137695,735.7423637866974,963.046932220459,688.0896573066711,991.271598815918,716.1439192295074,930.439338684082,677.5565313816071,990.018424987793,702.5590632438659,953.7765769958496,704.9170644760131,1013.9938659667969,734.16756772995,943.3605995178223,722.520810174942,1009.6848220825195,746.0629324436188,933.4264526367188,734.9520573139191,996.4262008666992,755.4617033004761,924.7976875305176,742.3163373470306,977.1970825195312,759.894184923172,974.353271484375,403.4480889558792
25,978.0298919677734,729.7960955142975,917.9641799926758,763.9701567173004,937.029052734375,737.7321473121643,988.0516662597656,760.0090530395507,942.4934577941895,721.8386286735534,1004.3274993896484,748.7027502059937,951.145935058594,704.5737815856934,1010.6916961669922,734.8917642116546,961.6345367431641,688.1460107326508,993.2066802978516,714.8680939674377,930.2668991088867,677.5339677810668,989.9679565429688,702.3615607261657,953.2806243896484,704.9023555278778,1013.7328491210938,733.9796488761901,942.9377632141113,722.6004929065705,1009.5852127075195,745.8723830223083,933.1666831970215,735.0415213108063,996.3431625366211,755.4065107822419,924.6935577392578,742.3427047729492,977.1054382324219,759.7437732696533,974.2547264099121,403.46597496271136
26,973.7234802246094,726.7093900203705,919.4546585083008,762.9501510620117,936.8126792907713,736.1416543006897,990.8325347900391,758.4975141048432,941.1940155029297,722.8484455108643,1006.3415222167969,747.9318457126617,948.748420715332,708.0306066989899,1009.7342147827148,736.1914498329163,958.3273773193359,693.8801292896271,987.0191802978513,718.8597146987915,930.0929145812988,677.4699696540832,990.1281051635742,701.9164143562317,952.8943977355957,704.7215873718262,1013.5581665039062,733.6317594051361,942.6256828308105,722.5703463554382,1009.6362075805664,745.5726218223572,933.0443344116211,735.1601562023163,996.4738540649414,755.2768719673156,924.781436920166,742.5281165599823,977.2415542602539,759.5046633243561,974.1398391723633,403.4845433115959
27,975.9397659301758,726.9360387325287,919.1543312072754,762.8131021976471,936.7307968139648,735.5022287845611,990.4158782958984,758.9446982383728,940.3401947021484,721.3577164649963,1006.2102584838867,747.9500250339509,947.5522384643555,705.8211769580842,1010.3557891845703,735.9313570976258,956.8431930541992,691.1483898639679,988.6401214599609,718.0552550315857,929.7966041564941,677.3819259166718,990.3959884643555,701.2402473449707,952.4306030273438,704.4681883811951,1013.5460815429688,733.1135375976562,942.2429008483887,722.4067077636719,1009.9619293212891,745.2903730392457,932.8437423706055,735.0969237804413,996.6757736206055,754.9567331314087,924.796817779541,742.5427143573761,977.3408660888672,759.1154628276824,974.0092906951904,403.49932636022567
28,972.3278503417969,725.9527498722076,920.7401504516602,762.400646495819,936.8410491943359,735.8972708702088,992.1204528808594,757.3605284690857,940.4581489562988,722.3739059448242,1007.7855377197266,746.8473849773407,947.4594841003418,707.1158113956451,1010.9466705322266,734.4499770641327,956.3204612731934,692.4600303649902,989.372314453125,717.6762927532196,929.4856910705566,676.9801406860352,990.6479187011719,700.3412848472595,951.9722900390625,704.0365036010742,1013.6646194458008,732.1778706550598,941.8697319030762,722.114381313324,1010.3570938110352,744.7239859104156,932.6773910522461,734.9119812965394,997.1087493896484,754.4228390693664,924.8122901916504,742.3839416980743,977.1910858154297,758.195764541626,973.8312377929688,403.50769354104995
29,970.9751815795898,723.1023632049561,925.7801856994629,761.0114104270936,938.2467155456543,732.9059080123901,993.8369750976562,755.2277433395386,940.0931968688965,720.215235042572,1008.3657760620117,745.4698691368103,945.5093421936035,705.9042189121246,1010.5002822875977,733.2876861095428,952.9187965393066,692.0681622505188,988.1271743774414,717.3859917163849,929.4359436035156,675.614098072052,991.1238327026367,698.201682472229,951.9184341430664,702.262821817398,1013.9373321533203,730.6170919418335,941.823486328125,720.4313614845275,1011.1461639404297,743.4497908592224,932.7021217346191,733.3846713066101,997.7625503540039,753.4139608383178,924.9369163513184,741.0230614185333,977.0956420898438,756.966350889206,973.6093826293945,403.50265779495237
30,974.4201049804688,720.4502200603486,930.8633079528809,759.2666525363923,940.2022361755371,728.6684959411621,993.8147048950195,752.1401733398437,940.4857749938965,716.5316006660462,1007.3937835693359,743.2511768341064,944.7870826721191,702.8143394470214,1008.9232864379883,730.6609841346741,951.3141288757324,689.2753146171569,985.5871810913086,714.8466295242309,928.8701477050781,672.6051363468171,990.7504348754883,693.9665428161621,952.1584053039551,698.5885858535767,1014.0924682617188,727.5259404182434,942.242488861084,716.8044633865356,1011.7394485473633,741.0696953296662,932.923210144043,729.8803724765778,997.8277359008789,751.1416815280915,924.7850532531738,737.7961207389832,976.207145690918,754.7036181926727,973.3460369110107,403.50182416439054
31,980.109260559082,713.8644151210785,941.5923728942871,751.1111150741577,943.373119354248,722.7110878944397,992.8570175170898,744.4231255531311,942.5199394226074,712.1473337650299,1004.4330139160156,738.109232378006,946.1819801330566,699.9588521957397,1005.0753707885742,727.1190916538238,952.1815452575684,687.95880818367,983.93994140625,715.9110090255738,928.0941352844238,667.6676104545593,990.6068344116211,686.8755824565887,951.1840324401855,692.3579322338104,1013.2673263549805,722.3464393615723,941.6457138061523,710.4437510490418,1011.3781814575195,737.2178281307221,932.5379333496094,723.7566335201263,996.1764907836914,747.3832303524017,924.3532447814941,732.3392738819123,973.3591918945312,749.5985881328583,973.0197486877441,403.51355983018874
32,979.4821472167969,700.1210211277008,945.5717239379883,741.6272891998291,948.0581016540527,712.0711708068848,984.238941192627,731.8699954509735,949.0638427734375,704.9045291423797,993.3891792297363,727.7419804096222,953.1789665222168,696.2133315563202,994.4108047485352,719.4030442237854,958.9939842224121,687.1373054027557,977.0301361083984,713.4488471984863,927.6907768249512,660.8840683460236,989.9403991699219,677.9541422843934,949.875675201416,682.4750628471375,1010.9456634521484,712.8889685630799,940.9039535522461,700.1547739028931,1008.0008239746094,730.8924123287201,931.9984703063965,713.7232042789459,990.1176452636719,741.9462177276612,923.545223236084,723.2624326229095,965.6565399169922,742.2869071006775,972.6374588012695,403.5489119410515
33,983.7746887207031,685.7214919567108,950.5607643127441,719.8828325748443,954.5865211486816,697.7624888420105,972.2302551269531,717.4152243614196,956.3587188720703,695.2825552463531,978.7265281677246,720.2441836357117,961.1913642883301,691.0799704074859,982.8681335449219,716.5670577526092,967.7504768371582,685.9116832256317,974.7843704223633,714.2215424537659,928.0132484436035,649.4646387577056,988.2447280883789,666.4798536300659,956.2339210510254,669.7368420600891,1006.2398071289062,706.9113310813904,947.4387016296387,685.1446319580078,1000.782096862793,724.2029654979706,937.5244445800781,697.5627015590668,981.0287475585938,732.6410481452942,927.012279510498,707.0711164474487,958.47216796875,731.656141424179,972.2223072052002,403.6483702421188
34,994.1645050048828,659.6689437389374,957.1807708740234,694.3520506381989,962.6188087463379,676.9500064849854,962.8317604064941,699.3946757316589,966.5878143310547,679.644473361969,967.8606147766113,707.606998872757,973.5813331604004,680.3172564506531,973.5822601318359,708.5216830253601,982.2788429260254,679.1957084178924,973.6738128662109,709.9088442802429,926.8020973205566,639.4086829662323,985.099479675293,658.1138090133667,961.7495498657227,656.8732432365417,1000.870491027832,697.9036749839782,953.2523002624512,668.2219068527222,992.2199020385742,712.5845513820648,942.9501800537109,677.435969877243,970.7586936950684,717.7228031635284,931.0572166442871,684.6245946884155,951.3872909545898,714.6234635353088,971.845624923706,403.7654119729996
35,1003.5207138061523,630.6632561683655,963.3887329101562,665.672158241272,972.6614685058594,652.0637506484985,955.9549713134766,677.1285145759582,978.4729270935059,659.6451698303223,959.8597984313965,689.5003331184387,986.7043876647949,665.2279010772705,967.2045822143555,694.5841951370239,996.4194488525391,668.5252495765686,973.5297317504883,700.9768694877624,921.2012557983398,618.6140217781067,980.127799987793,638.6026424884797,955.7350158691406,627.1435197353363,989.5181579589844,670.8688135623931,946.5788040161133,636.6742388725281,979.3082542419434,684.207495355606,936.3155708312988,645.9897084236145,960.0155410766602,688.9333037853241,924.7858428955078,654.4672742843628,942.983024597168,684.8138226509094,971.5592308044434,403.73395631313326
36,1013.0495109558105,600.4020653963089,963.0935211181641,635.324016714096,982.2743911743164,623.1081951498985,948.9195041656494,650.1453567743301,990.3218193054199,631.3667230367661,953.1917495727539,663.379729771614,999.9416198730469,637.7312762498856,964.5638580322266,667.8570360183716,1010.584602355957,641.3225381851196,979.6881523132324,671.5685074806213,915.323902130127,601.2553758144379,972.4809150695801,616.1520452022553,950.9391288757324,600.9887004852295,978.7055511474609,637.5212939739228,941.5021018981934,606.3258256435395,967.1677436828613,646.3594204902649,930.8661918640137,612.5600113868713,950.1543388366699,648.8523463726044,919.1506462097168,619.0157823085785,936.323902130127,644.8718036651611,971.4171924591064,403.5494769573212
37,1025.7522239685059,567.757080245018,970.2826881408691,596.2387599945068,992.2037658691406,588.8781077980996,952.2470455169678,615.6829087972641,999.2866630554199,598.8970843553543,955.9203300476074,630.4275116205215,1008.3821640014648,606.7794256448746,967.2791748046875,635.6027827739715,1018.8488845825195,611.6803026676178,982.7602500915527,638.5603434562684,907.7359657287598,575.6722974538803,963.1791687011719,583.6073982954025,941.0933074951172,561.9130953550339,965.6288223266602,597.4595594644546,930.8611679077148,565.1585055828094,953.67333984375,601.8581956863403,920.5210418701172,570.8960512876511,940.2331809997559,603.215241265297,909.9504318237305,577.9598229408264,930.8956146240234,601.378425860405,971.3808116912842,403.0000125288964
38,1035.5209007263184,538.0115115880966,976.7196350097656,567.5836233377456,1000.3622817993164,557.5685247063636,959.6233005523682,579.0899913311005,1007.3631935119629,565.5193811655045,963.1139488220215,589.9603609561921,1015.7840194702148,571.5985116243362,972.6663665771484,593.3268328666687,1025.2421035766602,574.7416199445724,984.8003196716309,595.9071726322175,899.8878936767578,551.9782074213028,954.8365631103516,548.6350586414337,924.9155158996582,525.3449583292007,956.7353897094727,547.6712952613831,914.7831115722656,526.923261809349,946.9326095581055,549.5463465213776,905.4417343139648,531.6208503007889,935.9640998840332,552.0774959087372,896.7054634094238,538.5063917398453,925.9337539672852,552.5074516773224,971.4009132385254,401.90629540681846
39,1042.078800201416,507.6105302333832,979.4894485473633,529.1239106416702,1009.3663101196289,520.3177986264229,964.2720394134521,534.4780048131943,1014.8222923278809,528.759175658226,967.0942039489746,543.2919622182847,1020.9325332641602,535.4399589061737,974.9580230712891,546.2386424779892,1027.8661880493164,539.5097186088562,984.4238548278809,550.3969337463379,892.4982490539551,522.7522252559662,948.0945167541504,506.56340379714965,911.0925636291504,483.33859837055206,948.744255065918,497.54113137722015,900.6432609558105,484.3544049978256,941.7424278259277,499.4955874919891,891.3000183105469,489.5574761867523,934.0316963195801,502.6765982151031,883.3629341125488,498.090487742424,923.68212890625,503.56659455299376,971.3196144104004,400.18728126287465
40,1046.5632591247556,480.65280125141146,983.0577392578125,492.00306420326234,1014.8329467773438,488.2914538025856,964.4516658782959,490.78068392276765,1019.578296661377,495.8615572214127,965.6415596008301,497.04491741657256,1024.776741027832,501.32301065921786,973.5286331176758,499.7729147672653,1030.7317428588867,504.0522615432739,983.9128532409668,505.2158863067627,890.2255210876465,502.55448060035707,944.7707977294922,474.04638402462007,907.5505142211914,457.39344029426576,948.1481437683105,462.39903984069826,898.03857421875,455.43463077545164,942.927303314209,462.58879885673525,889.1609687805176,457.6578493833542,935.6419830322266,463.37955610752107,881.380428314209,463.86613700389864,925.6142807006836,463.6268479824066,971.1509113311768,398.48680768013
41,1052.4222564697263,455.7428764820099,989.4591751098633,460.05795822143557,1020.9318923950195,457.67688086032865,966.0476417541504,452.6949255466461,1023.563346862793,466.47549946308135,964.7325210571289,458.5488646030426,1026.8629531860352,473.25256395339966,972.317024230957,462.905109167099,1031.1059875488281,477.4874319076538,983.8079452514648,470.46303231716155,889.8403015136719,477.7310064077377,945.4889945983887,444.55439960956573,907.4119148254395,427.60129330158236,952.0632133483887,433.28427016735077,898.0154685974121,425.16922245025637,948.0529518127441,435.2310754060745,888.979923248291,427.282698225975,940.5353050231934,435.4150545835495,880.5211029052734,433.72104318141936,928.9807434082031,434.0059163570404,970.7893123626709,396.41490536928177
42,1057.8027191162107,435.615984249115,996.2972259521484,434.25566589832306,1026.1818923950195,432.751197385788,968.5807914733887,422.47348351478576,1026.4312133789062,443.32916646003724,964.5714340209961,428.5372010707855,1027.6950759887695,451.8253871202469,971.4760894775391,434.78205728530884,1030.222023010254,457.7337282896042,984.5667343139648,444.3623373031616,891.1284713745117,460.9458735704422,948.0511093139648,424.8853002309799,912.2867202758789,413.4137162446976,957.429988861084,412.9631543636322,903.4839248657227,408.6852154970169,954.8672332763672,413.15700125694275,893.7975997924805,407.78821048736575,947.8505859375,411.3090646028519,883.7248191833496,410.99151928424834,934.8867988586426,408.0416897535324,970.1111812591553,394.19017696380615
43,1063.8714752197263,413.4120736837387,1002.8245468139648,408.08460011482236,1031.7109909057617,406.60543074607847,969.4335823059082,395.6199892282486,1028.967155456543,420.5904973268509,962.9807281494141,402.3482647180557,1027.7333450317383,432.6052379369736,968.6950149536133,410.8494871616364,1028.283576965332,441.9639945268631,982.8208923339844,422.8367858886719,892.5092010498047,445.31265144348146,951.0141220092773,408.8429136991501,915.9907722473145,398.3365071773529,960.8632850646973,398.7461594104767,907.3046607971191,392.5648690700531,958.6611328125,398.7792576313019,897.4098358154297,390.41760964393615,952.5914726257324,395.5008788585663,886.7806549072266,391.95510845184333,940.5596122741699,389.21399531364443,969.4118671417236,392.0151545524597
44,1065.382209777832,403.90466532707217,1007.887939453125,394.8680112361908,1033.7269821166992,394.58029754161834,970.393627166748,379.4778387308121,1029.1311264038086,408.83430569171907,961.7704696655273,385.5691957712173,1026.5189208984375,421.2108357906342,967.5605621337891,395.0867126703262,1026.042251586914,430.7813962936401,983.7786254882812,407.8913275003433,894.2628021240234,433.46173467636106,953.3157920837402,396.8776907444,917.9485359191895,389.0572604179382,964.4141807556152,387.49189364910126,909.7948265075684,382.7963923215866,962.3276481628418,386.3365125656128,900.2440452575684,379.66867220401764,956.1308097839355,382.535614156723,889.4213104248047,379.63363502025607,943.2269668579102,375.73088548183443,968.6990547180176,390.3085522413254
45,1067.6597900390625,393.24752604961395,1011.7721786499023,383.12347807884214,1037.0736236572266,380.4083248138428,973.7954177856445,367.68013846874237,1030.6058349609375,397.0135231256485,963.9630432128906,375.13913745880126,1026.2096099853516,412.22453916072845,968.5675048828125,386.5712382316589,1024.0316162109375,424.80718595981597,984.8573455810547,400.30964279174805,895.8324508666992,424.1130187034607,954.8120727539062,387.8626986980438,921.2687759399414,381.8726864337921,966.5698699951172,380.41847040653226,913.2487449645996,375.15526049137117,964.0868682861328,378.0243884086609,903.3264427185059,371.10582902431486,957.1707572937012,373.9254022359848,891.5421180725098,369.69172606468203,943.8397178649902,366.79145123958585,967.8872623443604,388.64050379991534
46,1067.6725158691406,387.0344157218933,1012.614990234375,375.1241753339767,1038.510498046875,372.9491714477539,976.57177734375,360.49939301013944,1031.6714172363281,389.9967991113662,966.3624801635742,367.9091892719269,1026.7722702026367,405.63390533924104,969.5048675537109,379.5663579463959,1024.0462646484375,418.4208286762238,985.6248321533203,393.02046978473663,896.5644264221191,417.53186974525454,954.604248046875,381.3337350130081,921.2934036254883,377.06924538612367,964.2496490478516,374.89652626514436,913.6167297363281,370.0117599248886,961.4598655700684,370.1960663795471,903.9923057556152,365.2717921257019,955.2566871643066,366.1035516500473,892.3728103637695,362.855757856369,943.0563697814941,360.24130098819734,967.0777473449707,387.48938658237455
47,1066.9060592651367,382.67999897003176,1012.6090850830078,369.08137264251707,1039.1699295043948,367.8585168838501,977.8161163330078,355.7509715795517,1032.387794494629,385.02711360454555,967.6894454956055,363.26917068958284,1027.3905944824219,400.8900657892227,970.1169891357422,375.01898968219757,1024.483772277832,413.8664023399353,986.5542755126953,387.83867778778074,896.8738403320312,412.64473218917846,954.8581123352051,376.98990845680237,921.7490730285645,373.12311000823973,964.0736389160156,371.68229999542234,914.3677024841309,365.60199627876284,961.7178611755371,366.09004683494567,904.9235916137695,360.3562493801117,955.6626663208008,361.4279277801514,893.306453704834,357.3080637931824,943.5560760498047,355.46535739898684,966.4668846130371,386.7984797477722
48,1066.082405090332,379.41224126815797,1012.4857635498047,365.25663857460023,1039.6003189086916,364.4483503818512,978.7049789428711,352.1748261451721,1033.0249786376953,381.6234000205994,968.8055191040039,359.8113390445709,1028.009422302246,397.51430044174197,970.4360275268555,371.9273009300232,1025.0128555297852,410.5400064468384,986.8542251586914,384.16066269874574,896.9692840576172,409.1229518175125,954.7851219177246,373.8389269590378,922.1893043518066,370.18385832309724,964.2582550048828,368.3691619157791,915.0871696472168,362.4555534362793,962.2312660217285,362.37393791675566,905.8904113769531,356.9351592302322,956.0528984069824,357.7704200029373,894.4103164672852,353.5262030363083,943.7203216552734,352.50825984477996,965.8744354248047,386.55029866695406
49,1063.9904136657715,376.338960313797,1008.8838958740234,363.16711578369143,1038.457214355469,359.5469793558121,980.0605201721191,351.2666103482246,1032.7580223083496,376.50101191997527,971.2366333007812,358.19227411746976,1028.1691360473633,392.40740551948545,972.393253326416,369.78115609884264,1025.254508972168,405.7632724523545,986.9513282775879,380.85754362344744,897.5685997009277,406.3261706829071,955.0393295288086,371.60700771808627,922.4095573425293,367.9080839395523,963.3733749389648,366.0493965387344,915.4820594787598,360.1719120502472,961.7249794006348,359.85047645568847,906.4086799621582,354.6206117630005,955.5365409851074,355.3852918148041,895.0741081237793,351.16381752491,943.4821243286133,350.93734788894653,965.4198932647705,386.44700875282285
50,1060.4225807189941,373.3169754266739,1001.7304458618164,362.795446228981,1036.1246566772463,353.63053035736084,981.8216285705566,351.7892781853676,1031.5343055725098,370.06598913669586,974.3850631713867,356.45185110569,1027.3874588012695,385.7819506406784,975.3087272644043,366.80218654870987,1024.404396057129,399.4444145441056,986.5996513366699,375.9298113465309,898.4640884399414,403.76081774234774,955.1545372009277,369.2619246721268,922.2303886413574,365.63687908649445,962.5742568969727,363.5465226650238,915.4145736694336,358.1390329122543,960.9621963500977,357.6290856599808,906.4605445861816,352.7951152086258,954.5907096862793,353.62737491130827,895.3759918212891,349.53992371559144,943.0390892028809,349.8593771219254,965.134334564209,386.4184985876083
51,1058.526454925537,371.13508636951445,998.3317565917969,360.7121849298477,1036.447151184082,348.609011554718,981.9796257019043,348.73247224092484,1032.3336067199707,364.72765984535215,974.752326965332,352.88047897815704,1027.9897842407227,380.699169254303,974.5856437683105,362.74898213148117,1024.2489852905273,394.9582038879395,985.1016426086426,370.96151522398,899.5549621582031,401.34370284080507,955.3838424682617,366.77509973049166,921.0983963012695,363.012486577034,962.0450820922852,360.97558131217954,914.368480682373,355.9873768568039,960.8805999755859,356.1492926120758,905.5752868652344,351.1593591451645,954.3574104309082,352.3627079486847,894.8991165161133,348.43904354572294,942.7339210510254,348.8649731874466,964.9559898376465,386.3205068588257
52,1055.106502532959,370.2083114862442,994.1898422241211,358.32540183067323,1036.8317184448242,343.7221518754959,981.450382232666,346.283969604969,1033.830768585205,358.6465780735016,974.3902130126953,349.8215117692947,1029.331169128418,374.2925269603729,974.011058807373,359.4428712487221,1024.314193725586,388.9034710168838,982.6756782531738,367.2597138762474,901.9170913696289,398.31629009246825,954.8179893493652,362.91107387542723,917.0571212768555,357.09662420749663,960.6325721740723,357.227170753479,909.8578033447266,351.6649282932282,959.9761505126953,354.5712917089462,901.7420654296875,349.27668170928956,954.0329933166504,352.0527579307556,893.1181411743164,349.59711077213285,942.3302993774414,349.4978408098221,964.8376007080078,386.25878114700316
53,1045.8983802795412,374.2284176826477,987.8373641967773,358.8700157642364,1036.046516418457,340.1655133962631,980.4321784973145,346.39862776994704,1035.345142364502,352.41647403240205,974.7690124511719,348.7884459018707,1031.7721252441406,366.68587656021117,974.2427787780762,357.1604092955589,1026.1422729492188,381.1075000286102,981.6149711608887,363.15380548238755,904.9461536407471,393.13773690462114,956.6920623779297,361.18376047611235,920.646692276001,352.6340516090393,965.0697154998779,356.4577112197876,913.9685611724854,349.3889130830765,966.3936080932617,357.5094658493996,906.7212238311768,349.63713121414185,961.1457252502441,357.0933792233467,899.4660415649414,352.9638358592987,949.1916847229004,355.148377096653,964.7881965637207,386.1788977265358
54,1037.0852966308594,380.88621125221255,984.4385147094727,359.6844789981842,1034.6369934082031,340.4108477830887,978.5450134277344,347.2233878850937,1036.0192794799805,349.66496829986573,974.4250259399414,349.1212188720703,1033.692123413086,362.1908973455429,973.7137069702148,356.220330286026,1028.0687942504883,375.9750651359558,980.6279754638672,361.6624620199203,908.7853603363037,385.71985751390457,961.173397064209,361.2430161714554,932.1825656890869,349.40654900074003,976.3366985321045,357.8253902196884,927.0233745574951,349.0238816976547,980.9704971313477,364.76150833368297,920.8349475860596,352.1233510017395,976.609977722168,367.44997307062147,914.2661018371582,358.4134393930435,963.7847213745117,365.64952865839007,964.7622413635254,386.291743516922
55,1029.6575775146484,390.3167712211609,984.025749206543,361.1126795768738,1032.6829833984375,345.00641841888427,976.409912109375,347.8381255865097,1035.7822265625,351.22668561935427,972.9929580688477,351.09058771133425,1034.9604034423828,361.9242158412933,972.1835403442383,358.4291548728943,1030.0055923461914,374.884614610672,979.7023315429688,363.9217058181763,911.6862087249756,380.3817289113998,965.9875259399414,362.6947359383106,942.6775245666504,349.2715255498886,987.4686470031738,361.1372299969197,938.5144643783569,352.1434831798077,994.7758369445801,372.9921466469765,932.9748544692993,358.221287548542,989.0330085754395,378.03879941105845,926.8414764404297,367.40090001821517,974.6692914962769,377.0705776512623,965.1740341186523,386.76683883666993
56,1020.2923736572266,401.7783639907837,979.7668075561523,366.76376235485077,1026.4137268066406,351.6031964063644,974.3221206665039,354.53417971134184,1032.0626678466797,354.27387084960935,972.9043121337891,357.040394282341,1033.7775421142578,362.3503307342529,973.7779312133789,363.9491106510162,1030.5943908691406,373.8801638841629,980.0539398193359,368.9935326814651,913.5431385040283,376.86685223579406,971.2194328308105,365.5456382215023,952.7224502563477,352.35221655368804,998.4082717895508,366.7973931729794,949.0694589614868,358.73567002415655,1007.5373382568359,382.2152931571007,943.7296056747437,367.7364023566246,997.7985877990723,388.9505572497845,937.651782989502,379.55770362615584,981.7227373123169,389.46724764704703,965.9074974060059,387.52944407463076
57,1012.9435043334961,414.1679851770401,976.792236328125,375.7400615930557,1020.5305480957031,359.9922677516937,973.2639083862305,362.5475059747696,1027.8679733276367,359.90321748256684,973.7309417724609,364.049467420578,1031.9187698364258,365.87845287323,975.0971832275391,370.0275371551514,1030.8207778930664,376.23750438690183,980.1863021850586,374.4241232633591,913.7541103363037,375.79575737714765,977.429615020752,370.6526087880135,964.4518489837646,361.21687104701994,1009.8950328826904,375.07232660055166,961.1470069885254,370.6971740603447,1019.5859756469727,392.3431820034981,954.9559593200684,381.14452557563783,1002.72802734375,399.33149156570437,947.0263595581055,393.39624574184415,984.5602626800537,401.43009784221647,966.8994827270508,388.4497969150543
58,1011.6714019775391,422.5125715255737,975.1287231445312,382.54188799858093,1015.0719451904297,368.06503496170046,971.9732208251953,369.96829998493195,1023.2216491699219,366.7008510351181,973.3056793212891,370.9321312904358,1029.0067749023438,371.58947060108187,975.6515121459961,376.31346356868744,1029.896484375,381.2176195383072,979.5788269042969,381.16528606414795,912.6740455627441,378.95496094226843,981.4599609375,374.9985348582268,967.3090553283691,371.5673886537552,1014.8977088928223,382.5685178637505,962.7917575836182,383.9982560276985,1023.1034088134766,399.1803203821182,955.123815536499,395.9279570579529,996.5875625610352,404.84340435266495,945.7871246337891,408.70470392704016,976.199369430542,409.5326997637749,967.96728515625,389.4129613161087
59,1011.8857269287109,428.98405175209047,974.4429016113281,388.30262715816497,1011.7060317993164,374.84073476791383,971.3932342529297,375.89980990886687,1020.0897216796875,372.57304351329805,972.2261123657227,376.6729065418243,1026.848533630371,376.58480722904204,975.0310592651367,381.98303442001344,1028.9591674804688,385.64502527713773,978.4045715332031,387.1414230108261,908.8342437744141,387.8634026527405,977.9853286743164,379.7342912793159,958.7103424072266,382.80874240398407,1009.1092414855957,384.3271757721901,953.2411251068115,396.3911067605019,1013.2883605957031,397.7912078142166,945.0566310882568,408.74055621623995,982.3113098144531,403.73959721326827,935.6517333984375,421.53485255241395,963.0461139678955,410.69875131845475,969.0516357421875,390.2013627886772
60,1012.2667236328125,433.25177710056306,974.8241729736328,392.3781296491623,1010.0658645629883,379.5019584417343,970.7062454223633,380.8149574518204,1018.5080795288086,376.5826089143753,971.283576965332,380.9957935333252,1025.7681198120117,379.8268767595291,974.1501846313477,385.4445031642914,1028.5867538452148,388.2960198640823,977.4291000366211,390.6422638177872,901.4581832885742,394.7735917687416,972.8362083435059,382.9303582966328,944.07985496521,392.6581615924835,999.0366725921631,385.5244313538075,938.9006509780884,408.73714913725854,1000.3479537963867,396.1643067598343,931.9323720932007,422.4408268094063,969.2326126098633,403.71978613734245,924.3189010620117,435.629424226284,950.7535429000854,413.47357246279716,969.6921730041504,390.66654099225997
61,1012.8417892456055,434.9223109960556,975.3234558105469,394.01450939178466,1010.5460586547852,381.2572880029678,970.6177368164062,383.1607568025589,1018.7364807128906,378.1784124612808,970.7763290405273,383.2161036968231,1025.7663345336914,381.2425728797913,973.3918304443359,386.4752348661423,1028.3643951416016,389.7061646223068,976.6095428466797,391.7933161973953,890.8626823425293,400.8405882716179,962.7498550415039,386.54799074530604,928.0426425933838,400.3156819820404,986.8945255279541,386.33907675147054,924.4857473373413,418.17669687867163,987.3073883056641,395.50901756286623,919.6346712112427,432.66809676885606,960.6097068786621,404.1006040155888,914.2607917785645,445.4444793105125,943.0300798416138,415.1691307127476,970.0535888671875,390.95798441171644
62,1013.2114334106445,434.7705099582672,975.0327758789062,393.6260807752609,1009.8662338256836,381.47857677936554,970.083869934082,383.3612048149109,1018.1434936523438,378.1742566585541,969.9956588745117,383.2088727235794,1025.390853881836,381.04572491645814,972.5134048461914,385.54602084159853,1028.3307037353516,389.4552356481552,976.2014465332031,391.20217950344085,880.3726615905762,405.17971253395086,951.0516586303711,390.208423948288,912.5358467102051,404.993936419487,974.3029632568359,385.4425518512726,911.3965187072754,424.19940135478976,975.2116928100586,393.4967136621475,909.3001327514648,439.2592153310776,955.707103729248,403.79477429389954,906.5662879943848,451.38760139942167,939.6472434997559,415.26939022541046,970.200267791748,391.1437265634537
63,1013.2748794555664,433.63125190734866,975.022590637207,392.46204228401183,1009.6314010620117,380.704732966423,969.9548950195312,382.42379651069643,1017.7930068969727,377.292108798027,969.2492294311523,382.2325122594833,1024.962226867676,380.01606767177583,971.5586929321289,384.3294512748718,1027.9064712524414,388.4075966835022,975.5883865356445,390.28530938625335,870.3126182556152,407.75158014297483,939.1343078613281,392.3100498199463,898.0723915100098,407.30857651233674,962.2808647155762,382.8503621816635,899.927604675293,427.24228258132933,964.1133041381836,390.6080664396286,901.1001434326172,442.4363419532776,954.0874900817871,403.0308043718338,901.3457908630371,453.63165459632876,940.3848495483398,414.0867154598236,970.2768115997314,391.3221204161644
64,1013.00244140625,432.38394298553465,974.687370300293,391.26202182769777,1009.1640701293945,379.9616779088974,969.7165145874023,381.03772206306456,1017.352409362793,376.5468554258347,969.0185852050781,381.03140499591825,1024.557518005371,379.2032284736634,971.3429489135742,383.132079911232,1027.6468505859375,387.44868688583375,975.8420333862305,388.84197378158575,862.2560691833496,407.1209602355957,932.3875923156738,392.2933092832565,887.4601707458496,407.5678603172302,954.996265411377,383.73238654136657,890.991268157959,429.3349114179611,958.9040451049805,391.83107657432555,894.235782623291,445.47599363327026,952.8906097412109,403.8559936523437,896.726921081543,456.25211360454557,938.4599647521973,415.13718876838686,970.3426036834717,391.50946499109267
65,1012.6521835327148,431.28245148658755,973.9385833740234,390.278430390358,1008.7523345947266,379.2330230474472,969.3995590209961,379.5735209941864,1016.930305480957,375.81541562080383,968.9037551879883,379.54764757156374,1024.1117477416992,378.4141508340836,971.1892776489258,381.79559721946714,1027.2106018066406,386.54453735351564,975.9744415283203,387.39123430252073,858.3884696960449,406.973623752594,927.1923294067383,392.5271704435348,884.0680618286133,406.9974038362503,952.1318321228027,383.7207836389542,888.5644798278809,428.6435167551041,957.786678314209,392.42658519744873,892.5571174621582,444.4426251888275,953.9007225036621,403.2823199748993,895.6124038696289,454.2568034172058,939.4660034179688,413.514653468132,970.4106960296631,391.67736744880676
66,1012.3060684204102,430.7192506790161,973.2534484863281,389.718909907341,1007.7513198852539,378.9836131334305,969.3917770385742,378.55082302093507,1015.9868545532227,375.3423333644867,969.0704040527344,378.0868860006332,1023.4138870239258,377.7088129281998,971.3050918579102,380.7789507865906,1026.898063659668,385.5801688194275,975.952262878418,386.131223320961,857.9205894470215,406.1184114217758,925.8946495056152,392.32897014617924,883.0674018859863,405.90413749217987,951.4677085876465,382.8647253274918,887.6999359130859,427.67477629184725,957.4527053833008,391.3401299238205,891.9160537719727,443.55388855934143,953.9533996582031,402.4848442792893,895.2295989990234,453.2009701728821,939.9869728088379,412.4919060945511,970.4806652069092,391.8050302505493
67,1011.9001922607422,430.1153810501099,972.8800735473633,389.3602573394775,1007.1188735961914,378.878977060318,969.623908996582,378.1495256185532,1015.3008041381836,375.09690017700194,969.4405746459961,377.6117783308029,1022.8215408325195,377.24361619949343,971.6422119140625,380.8097518920898,1026.540023803711,384.78767638206483,975.8307266235352,385.50543847084043,857.7885246276855,405.51840736865995,925.7608451843262,391.2760268211365,882.6840934753418,405.58035538196566,951.8216171264648,382.05877130031587,887.231861114502,427.25572564601896,957.7548637390137,390.3171602487564,891.4637718200684,443.0351603984833,954.1276016235352,401.7536947011948,894.8735389709473,452.58037235736845,940.3744010925293,411.8554692983627,970.5444602966309,391.88414179086686
68,1011.5871963500977,429.863853096962,972.8578262329102,389.28867626190186,1006.8102035522461,378.99757490158083,969.9545516967773,377.9021781682968,1014.9049758911133,375.12997987270353,969.8357162475586,377.08680720329284,1022.4176559448242,377.17137439250945,971.9726486206055,380.4650240421295,1026.2075958251953,384.55653223991396,976.0993423461914,385.19897735118866,857.6024436950684,405.177606844902,925.1383895874023,391.0302787065506,882.548755645752,405.32973515987396,951.6799049377441,381.5938771486282,886.9682006835938,426.9505427598953,957.5511817932129,389.6985816717148,891.0751304626465,442.7367453575134,954.1213645935059,401.5604344367981,894.3653526306152,452.2790612220764,940.4554023742676,411.8906546831131,970.5902137756348,391.9426750063896
69,1011.3835144042969,429.92522683143613,972.8492660522461,389.3563794136047,1006.5596008300781,379.0513595104218,970.2463073730469,377.72098393440245,1014.5755920410156,375.1313939571381,970.1582107543945,376.62141904830935,1022.1058731079102,377.14309270381926,972.1845474243164,380.24210505485536,1025.977180480957,384.5107443094254,976.1355514526367,384.9264233827591,857.2666854858398,405.11820912361145,924.2127113342285,391.20947840213773,882.3104438781738,405.20026924610136,951.3954849243164,381.42849719524384,886.6483497619629,426.79051039218905,957.0918960571289,389.22694437503816,890.6814651489258,442.6197900772095,954.118537902832,401.41482696533205,893.9198570251465,452.1921598672867,940.7337684631348,411.93851125240326,970.6192874908447,391.9751371979713
70,1011.3131561279297,430.00565056800843,972.9308624267578,389.60641918182375,1006.4380874633789,379.2913154363632,970.2695388793945,377.77200212478635,1014.3220825195312,375.2791009426117,969.9828186035156,376.42417588233945,1021.7652282714844,377.186398267746,971.8978271484375,380.07561976909636,1025.561622619629,384.4424854040146,975.91845703125,384.97053787708285,856.7978782653809,405.08501210212705,923.0498886108398,392.163596367836,881.9795951843262,405.1180856227875,951.3739814758301,381.2628331899643,886.3412704467773,426.6733142852783,957.0490493774414,388.87980208396914,890.3760452270508,442.51181948184967,954.1940116882324,401.34272718429565,893.620433807373,452.0470525741577,940.9259719848633,411.93512115478524,970.6332149505615,392.0016466498375
71,1011.3169555664062,430.05133352279665,972.862174987793,389.76177086830137,1005.9634323120117,379.55188364982604,970.0384368896484,378.09800107479094,1013.7987442016602,375.42824671268465,969.7727966308594,376.6370666027069,1021.2666778564453,377.15814127922056,971.7066650390625,380.12629833221433,1025.1164474487305,384.2124404191971,975.5389251708984,385.0748775482178,856.4669151306152,405.16020557880404,922.40185546875,392.2431988239288,881.8579330444336,405.2090131044388,951.4223098754883,380.9470601081848,886.2525787353516,426.7292292833328,957.0074272155762,388.5560446739197,890.280590057373,442.52997410297394,954.253589630127,401.17630364894865,893.5178146362305,452.02245738506315,941.1764373779297,411.9015412807465,970.6361103057861,392.0278319120407
72,1011.4359741210938,430.3669769287109,972.8123245239258,390.0505837202072,1006.0842819213867,379.69920778274536,969.7879943847656,378.4348557472229,1013.8074645996094,375.52313857078553,969.3922576904297,376.8953685760498,1021.1060943603516,377.18618831634524,971.2276840209961,380.09219975471495,1024.6852798461914,384.2347199678421,975.1305084228516,385.35707693099977,856.3671913146973,405.2633164167404,922.0046424865723,392.56575827598573,881.8916931152344,405.369662976265,951.4876556396484,380.9504872560501,886.3418884277344,426.83563141822816,956.9067764282227,388.72977328300476,890.3829231262207,442.5778491973877,953.8501281738281,401.28872027397153,893.5909194946289,451.9989798784256,940.6913108825684,411.91274898052217,970.6343765258789,392.0569101810455
73,1011.4046173095703,430.5403597354889,972.7136993408203,390.14322168827056,1005.8140182495117,379.56498091220857,969.362663269043,378.51859548091886,1013.5833892822266,375.4416589021683,969.0371246337891,377.2365766525269,1020.9081115722656,377.1737085580826,970.9929428100586,380.3599310159683,1024.4712295532227,384.3027812719345,974.7285919189453,385.5802305698395,862.5227279663086,403.0090188264847,930.6586074829102,390.31264011859895,886.3668022155762,403.67403371334075,955.8129959106445,379.6363767385483,888.9823036193848,425.3901407241821,959.0228805541992,386.42325336933135,892.1867179870605,441.533513879776,951.7255783081055,400.2637622356415,895.4528732299805,452.1080990314484,938.9846992492676,413.4131110906601,970.6297645568848,392.1336072802544
74,1011.2009353637695,430.77312791347504,972.623405456543,390.01353347301483,1005.3396606445312,379.74268624782565,968.7742080688477,378.6514761924744,1013.2273864746094,375.74269833564756,968.6892471313477,377.7756145238876,1020.6529541015625,377.5128294706345,970.8917083740234,380.8449372768402,1024.392837524414,384.67014064788816,974.4234008789062,386.0203195810318,864.3549957275391,402.4946625947952,934.5451469421387,389.304342341423,887.1951713562012,403.63597693443296,957.8485450744629,379.0371383905411,889.5814018249512,425.5363595247269,960.2787666320801,386.0555543661118,892.735164642334,441.9369293212891,951.6439018249512,399.92889592647555,896.0856056213379,453.1040961265564,937.958667755127,413.6009558439255,970.6252784729004,392.22329049110414
75,1010.9021759033203,431.35306308269503,972.5003356933594,390.22790002822876,1005.3889389038086,379.9440975666046,968.7269668579102,378.97367749214175,1013.3304290771484,376.05322263240816,968.6626281738281,378.3843068599701,1020.7753601074219,377.9338746547699,970.8772430419922,381.3310303449631,1024.473243713379,385.21681704521177,974.0684967041016,386.73840894699094,864.8036956787109,402.7248187303543,935.537727355957,390.0097605228424,887.4680671691895,403.53658347129823,958.1769218444824,379.0835500001907,889.7184906005859,425.66812255382536,960.3274612426758,386.3399458885193,892.7696914672852,442.354479432106,951.9355316162109,400.2669917821884,895.9944076538086,453.81547939777374,937.5698661804199,413.9646904706955,970.611665725708,392.3064435958862
76,1010.3616943359375,432.229523730278,972.3587951660156,390.8276509046555,1005.4039764404297,380.24737854003905,968.3567047119141,379.6406313419342,1013.5017013549805,376.50842814445497,968.3756103515625,379.1616580963135,1021.0596771240234,378.6269304037094,970.8100891113281,382.1080851793289,1024.8398666381836,386.2002726316452,974.0130386352539,387.9130685091019,865.4367942810059,403.2936264753342,936.6431922912598,391.00909831523893,887.8888778686523,404.4146125793457,959.1117668151855,379.46242582798004,890.1042137145996,426.4466285228729,961.2720794677734,386.41047103405,893.2068099975586,443.0837394475937,952.0957260131836,400.15116035938263,896.5246467590332,454.56164667606356,937.3384780883789,413.7084015607834,970.5934524536133,392.3745697379112
77,1009.5616607666016,433.3543013095856,972.0180358886719,391.58433427810667,1005.7782211303711,380.62471678256986,968.147346496582,380.6956371307373,1014.0850982666016,377.232291173935,968.1686325073242,380.4417503118515,1021.7124710083008,379.82055351734164,970.8824157714844,383.6296400308609,1025.452995300293,387.8392644166946,974.0730285644531,389.54304473400117,865.6445732116699,404.2891542673111,937.4116401672363,391.99761126041415,887.9498863220215,405.19858345985415,959.1650390625,380.6602603197098,889.9343032836914,427.42912697792053,960.9340667724609,387.794841170311,892.9516296386719,444.33503744602206,952.1640357971191,401.6470393896103,896.2181854248047,456.05922384262084,937.3109092712402,415.21540801525117,970.5633544921875,392.3850796580315
78,1008.6673965454102,434.9762499809265,971.886360168457,392.9317220926285,1006.9623184204102,381.6605181932449,968.2759780883789,382.3237855434418,1015.3780288696289,378.79361329078677,968.4319381713867,382.2197731494904,1022.8487319946289,381.9456754207611,971.0693893432617,385.5081740140915,1026.1625061035156,390.4344428062439,974.580436706543,391.74027876853944,859.6428565979004,408.42194879055023,929.2865409851074,397.22974836826324,883.2152366638184,408.42971699237825,955.6243858337402,383.71683778762815,886.8993301391602,430.5038714170456,959.2553901672363,392.06844515800475,890.7832489013672,447.2930365562439,954.2746353149414,404.5795170545578,894.0637092590332,458.16480174064634,938.3399848937988,415.7580459356308,970.5323238372803,392.2696650505066
79,1007.902587890625,437.4049122095108,972.6409378051758,395.27164897918703,1009.4430770874023,383.1806836605072,968.8198013305664,384.6799033880234,1017.9039001464844,381.0555247068405,969.0121536254883,384.527947974205,1024.854835510254,385.14975609779356,971.4304504394531,388.1622684717178,1027.1698379516602,394.4992748260498,975.3173675537109,395.30656266212463,857.9667434692383,412.1702914237976,925.9213256835938,401.31790351867676,882.0232887268066,411.4378080368042,953.4202766418457,387.51247506141664,885.6445198059082,433.3309102535248,957.623966217041,396.24905302524564,889.3883628845215,450.10705840587616,953.9110450744629,408.5690197467804,892.4212074279785,460.72714126110077,938.2025413513184,419.49146349430083,970.4976425170898,392.1455528974533
80,1007.3434066772461,440.94222898483275,974.5326919555664,399.2078981161118,1012.2733383178711,386.2106837511063,970.3523712158203,388.8451786279678,1020.7965774536133,385.310226893425,970.9823455810547,389.27118237018584,1027.112892150879,390.69507894515993,973.1536560058594,393.66674342155454,1028.4812622070312,401.1154856681824,977.4360580444336,400.68958072662355,857.2730598449707,417.02568926811216,925.4762992858887,405.15219655036924,880.9261665344238,416.0362871170044,952.1426696777344,392.64429862499236,884.3952140808105,437.70575404167175,956.2730369567871,401.71554529666906,888.0942764282227,454.4942708015442,952.4511566162109,413.695680975914,891.1578025817871,465.2398119688034,936.7734718322754,425.011332821846,970.4792861938477,392.01357374191286
81,1007.0215072631836,446.04998223781587,976.4866561889648,406.0921489715576,1015.9259719848633,391.50665225982664,972.9372940063477,395.0560041904449,1024.3442459106445,392.27036283016207,973.7179641723633,396.32180736064913,1029.6775588989258,399.1965977907181,975.7150955200195,401.62889711856843,1029.7071075439453,410.81359164714814,979.9286956787109,408.2095150232315,856.258861541748,423.74049081802366,924.4831809997559,410.89994342327117,879.0134811401367,422.1138738155365,949.3837509155273,399.83197247982025,882.2976493835449,443.6546158313751,953.4309196472168,409.6056115627289,885.838737487793,460.6744619846345,950.4664077758789,421.18311603069304,888.7407302856445,471.8248141527176,934.5730133056641,433.4868732690811,970.5146255493164,391.94461088180543
82,1010.7579574584961,450.2788418769836,978.9224624633789,413.6173691034317,1019.6553268432617,399.185099864006,975.690788269043,404.30435104370116,1026.4861450195312,402.4320229768753,975.8243179321289,407.20232875347136,1029.6231079101562,411.0434143304825,976.9238662719727,413.5127083301544,1027.8093795776367,423.51353335380554,979.9391098022461,420.3537709474564,856.1078453063965,434.47652859687804,922.4096717834473,420.2271517276764,877.5587882995605,432.9927588224411,947.0754890441895,409.6265449523926,879.9249229431152,452.2737753868103,950.8213233947754,418.65146646499636,882.7672348022461,467.60847132205964,948.113639831543,429.3594139814377,885.2646217346191,477.8487335681915,932.3683433532715,441.7705119609833,970.492618560791,392.26649416685103
83,1013.9816207885742,454.9554599285126,980.4648513793945,422.7936717510223,1022.1596145629883,410.43279538154604,975.2739715576172,416.848724937439,1028.0834655761719,416.0969877719879,975.3900604248047,421.05375509262086,1029.7549896240234,426.2574067354202,976.8441925048828,428.4162443637848,1026.7521514892578,439.2756594657898,979.2092971801758,435.6351145267487,858.035213470459,447.82740609645845,922.2733154296875,430.9323204755783,881.0077056884766,446.1919649600983,942.0995063781738,423.49850330352785,883.4802474975586,463.19946720600126,945.5465698242188,430.85663917064664,886.3553237915039,476.4164389371872,944.0687484741211,440.4924883842468,888.793384552002,485.5247976064682,931.0866279602051,451.909349155426,970.3312568664551,392.9725267648697
84,1018.5130462646484,464.2914429664612,981.7741470336914,436.6067881345749,1021.5550918579102,423.91773920059205,976.14111328125,433.53909559249877,1024.9508514404297,431.67306606769563,975.977783203125,439.8812704563141,1024.5062255859375,443.0517527341843,977.0315093994141,447.93006615638734,1020.6191940307617,456.4595147132874,978.0005264282227,454.3597722291946,859.9406433105469,460.9579828262329,924.7162742614746,444.14026429653165,880.4354553222656,460.26482210159304,941.2612724304199,438.2924694061279,882.0723838806152,476.3810127258301,944.6465034484863,445.3857577562332,884.8833618164062,488.94357829093934,942.6625213623047,454.5384346961975,887.6765556335449,498.07434618473053,929.7907218933105,465.56827476024625,970.0489540100098,394.01306134462357
85,1021.3671035766602,477.9397475004196,980.0767631530762,454.59988870620725,1015.9354934692383,442.38784935474393,971.5333824157715,454.35098514556887,1017.5769996643066,451.0142872254054,971.6323547363281,461.8701990207037,1016.2737731933594,462.4783808867136,974.0441665649414,469.6378306865692,1012.9714279174805,475.2972744703293,974.7258567810059,475.7949354489645,861.2369384765625,477.38805079460144,924.0929718017578,461.2502722263336,881.4558219909668,477.92538435459136,941.2879486083984,456.70122435092924,881.9436492919922,491.431477689743,943.9727897644043,462.2430644750595,883.6437835693359,501.8888790845871,941.4591751098633,470.75490181446077,885.5445556640625,509.8873049736023,928.9720115661621,480.66639251708983,969.7199306488037,395.255149269104
86,1022.7181777954102,495.2053664684296,976.5530204772949,475.506787443161,1005.5603256225586,464.98850014209745,961.7699775695801,478.84282257556913,1006.1879768371584,473.2874591112137,962.9853744506836,487.08920724391936,1005.2183303833008,483.7660161972046,967.9902648925781,493.6680529117584,1003.9405059814453,495.0656685113907,970.0131340026855,499.48489849567414,865.408332824707,496.20742745399474,926.8300094604492,481.5137934207916,886.9912376403809,498.4552505135536,944.926923751831,477.6099509000778,885.8233165740967,509.38205075263977,946.1985054016113,481.4836561322212,885.844934463501,517.4842976093292,941.8896903991699,489.5131548285484,886.1079425811768,523.9985893964767,929.4657726287842,497.71963638067245,969.3485126495361,396.71740211248397
87,1018.7944793701172,518.6233333587646,971.0260391235352,501.7549609661102,990.3962631225586,491.7638554573059,947.6164855957031,506.1477123737335,992.1555404663088,497.9167220830917,951.4649963378904,513.6633364915848,993.8400192260742,506.20832657814026,961.2580947875977,518.0443367958069,996.5489273071289,515.362818980217,966.8055267333984,522.8827038764954,871.5264358520508,515.1682804822922,933.5818748474121,503.25353848934174,896.1665840148926,519.2021724581718,951.349199295044,499.94579739570617,893.748613357544,529.3851395845413,950.9409828186035,502.95668264627454,892.160608291626,536.5928452730179,943.8613471984863,510.8434514403343,890.3673877716064,542.5410401582718,931.129228591919,518.1467961668968,969.0962219238281,398.1016981482506
88,1018.0168533325195,541.1825002193451,965.5468139648438,526.7864537715911,977.3283348083496,517.2897097110748,934.398811340332,532.0746849536896,978.3191413879397,522.5267374515533,937.9321289062498,539.1217778205871,980.9528732299805,529.7103481292725,948.7789535522461,542.7066115379333,986.0432281494141,537.8715295791626,958.5039825439453,546.7340104579926,873.2118873596191,538.6166965007782,937.3414878845215,526.6952360630036,896.7558174133301,544.6832638382912,960.2237377166748,525.0495752334594,892.6971416473389,550.1455478191376,959.534969329834,526.2810482621193,889.8300533294678,553.2920030117035,950.4777030944824,531.6418979287148,887.1451663970947,555.5024392843246,934.9418048858643,535.6158889174461,969.0283813476562,399.30623255968095
89,1014.8170967102051,565.5968655824661,958.4891109466553,554.8669163942337,966.4814701080322,548.2907321691513,921.6663494110107,559.8784192800522,967.8206577301025,550.4524535417556,925.4356384277341,563.9470180749893,971.818639755249,554.2702962636947,937.4845790863037,564.7370713710785,978.8127765655518,559.0665372133255,949.7157955169678,566.8100141763687,874.7898788452148,565.1571100234985,936.6443367004395,553.3495790958405,901.2758903503418,571.988789665699,965.3071346282959,554.055997633934,896.9763507843018,570.9973713636398,964.3829040527344,550.726227080822,893.145544052124,568.154931974411,955.3221473693848,552.3323552966118,889.2161121368408,564.6540602922439,939.106481552124,550.9189624667167,969.0664958953857,400.3589443206787
90,1012.074275970459,591.8593034505844,952.30690574646,585.287812256813,959.9093570709229,581.3163098096848,915.2955226898193,588.272629570961,960.3635845184326,578.968357427915,918.942756652832,588.0315847794215,964.216142654419,577.9300242503484,930.0582218170166,584.7023380756378,971.4058742523193,577.8409719228745,941.2777462005615,583.1071993748346,878.5628929138184,581.2893681049347,942.9396858215332,569.7941707611084,905.7872200012207,591.4714089751244,970.6346912384033,576.5427189111709,900.9774799346924,591.8175725221633,970.1184997558594,574.7035353779793,896.5661716461182,589.707554769516,961.3115386962893,578.1685856461525,891.9980335235596,586.2961223840714,944.1829662322998,576.9418149113656,969.0804691314697,401.2983132004738
91,1010.6586112976074,614.9395758628846,946.0859928131104,613.3142803192138,958.3861713409424,609.6404395580291,916.5103054046631,613.2381173610687,957.6464824676514,603.6170264959335,919.3719520568848,608.9579060792923,960.6438846588135,598.6477732419968,928.1300411224365,602.2055479288101,966.9316463470459,594.5265445709229,936.7200679779053,597.7964635372161,884.5410232543945,601.2188195705414,948.2465972900391,589.8246459007263,911.618293762207,615.1715721607209,975.6627502441406,601.2500899791718,907.7781829833984,613.7943280220031,973.9440994262695,597.9700562953949,904.6089019775391,609.5084048271179,966.968936920166,600.0956660270691,901.1781349182129,603.6641235351562,951.8226470947266,597.1116267681122,969.0776081085205,401.9797259092331
92,1011.0443000793457,633.0734858989715,941.2127895355225,638.9862360477448,961.8215045928955,630.7093590259552,920.7948703765869,633.5087522029877,960.1980686187744,623.6723006010055,921.9879112243652,627.1220244169235,961.9394245147705,617.6344194173813,926.99245262146,619.3326792478562,966.4274883270264,612.1186317920685,932.9374980926511,613.4920844554902,886.2024421691895,613.4399794578552,951.400016784668,604.0812846183777,909.9905891418457,630.5310979366302,978.346321105957,621.2498504638672,906.9284591674805,631.6272789001465,978.3332977294922,620.7471033096314,905.131908416748,629.302548789978,972.9356231689453,624.8220129966736,903.5893707275391,624.4378883838654,957.3254013061523,622.9181613445282,969.0199184417725,402.42259368896487
93,1009.5097160339355,657.4402725696564,937.0615253448486,670.2585589408875,965.4608745574951,656.2329779148101,927.2407894134521,657.6242146968841,963.7324962615967,644.0042783021927,928.4309577941895,646.6608674764633,964.5593891143799,632.8931685209275,932.5720653533936,634.4004713773727,967.4638423919678,622.4284188270569,934.5761089324949,624.1159834861755,890.7269439697266,619.9282557964325,956.599925994873,616.8950261592865,912.7087783813477,640.094470691681,980.3111801147461,636.3318575382233,909.7221336364746,647.7849287509919,980.5565643310547,640.6464946746826,907.9086227416992,651.0876124858856,975.4659118652344,649.4561048507691,906.4485397338867,650.5764549255371,960.0043716430664,651.4020579338073,968.91796875,402.7346463084221
94,1009.1185913085938,676.3613521575928,934.184886932373,696.1587565422058,969.1344680786133,675.759829044342,931.9985504150391,677.3325996875762,967.2804107666016,660.4889398097991,933.3073768615723,663.0911639213562,967.5061454772949,646.2194693565368,937.368335723877,648.3643946170807,969.2907829284666,632.5620442867279,937.1598701477051,634.9690629959107,895.8063926696777,623.9792927742004,963.8156661987305,626.0190694332123,916.9789695739746,648.8561378479004,983.3004455566406,647.8803701877594,913.3808670043945,663.1685989379882,983.2769622802734,658.2897606372833,911.061653137207,671.9898675918579,977.5411605834961,672.0251517772674,909.2921676635742,675.957541513443,962.3814811706543,678.1067399024963,968.8625907897949,402.85735981464387
95,1007.7018585205078,679.2866297245025,931.0544815063477,701.9239479064942,972.6537094116211,681.8835309505463,930.2618522644043,685.5284354686737,973.1851959228516,672.7861515045166,930.5639305114746,677.0539447784424,974.7560119628906,663.9253255367279,935.2720985412598,668.0834500789642,977.0202941894531,654.802208518982,939.3231468200684,661.8720131874085,899.8648796081543,635.126143693924,967.2719192504883,641.4382584571838,921.1194648742676,662.1407262802124,986.7401504516602,662.0167932033539,917.2807617187502,677.1372460842133,986.3147048950195,673.6514229774475,914.900505065918,686.1274762153625,979.4479522705078,686.9811633110046,913.2185440063477,689.8139387607574,963.9391708374023,692.788801908493,968.9007167816162,402.89343440532684
96,1006.7025604248047,680.5575396537781,932.2385787963867,702.5719937801362,976.3882141113281,689.1361538887024,925.6758842468262,694.6370287895203,978.8075180053711,685.2824094772338,924.9800491333008,690.6794819355011,981.2441482543945,680.7213881969452,930.768253326416,686.7508466243744,983.7734298706055,675.0347186565399,940.1739120483398,685.975607252121,899.6972694396973,639.3676312923432,969.3819808959961,649.8585446357727,920.4586715698242,667.8082284927368,988.6689376831055,671.1345873355865,915.3361473083498,686.6044487476349,990.2779998779297,687.2493330001831,911.6113128662109,698.8848890304565,981.4378967285156,703.1968091487885,908.9861755371094,705.0072571277618,962.3155059814453,710.4487651824951,969.014705657959,402.875014257431
97,1006.9533233642578,681.0130230426788,934.0144386291504,697.9990793704986,981.9332656860352,695.3613858222961,924.1131477355957,700.4377389907837,984.3051910400391,696.0977100849152,922.1569519042969,701.201542186737,986.0072021484375,694.7001130104065,928.2677764892578,701.8051401138306,987.5288314819336,691.3271449565888,940.4565925598145,705.7771489143372,901.728401184082,647.9732304573059,971.3495635986328,659.8383745193481,924.068000793457,677.7130686759949,992.2231750488281,681.6690841197967,918.2272453308105,696.1445662975311,993.2924194335938,698.0303003787994,913.5222816467285,707.8703026294709,983.4206085205078,713.1058977603913,910.0556030273438,713.3969645023346,963.4688873291016,719.2430118560791,969.2045631408691,402.81862686872483
98,1005.3651351928711,675.551050901413,938.4559593200684,689.2444641113282,983.5708694458008,694.6084259986877,930.8777618408203,700.0017193317414,986.4806213378906,702.1137439727784,928.729133605957,706.0641648292542,988.8997650146484,706.4138450622559,934.2488250732422,712.0924252986908,991.2948532104492,707.9293607234955,944.9822044372559,721.5234669208527,903.9348220825195,655.4302719593048,972.5641250610352,668.147979259491,928.3558616638184,686.4969659805298,996.0888290405273,691.562216424942,921.6731185913086,704.4207023143769,996.3623657226562,707.9477499961853,915.9500198364258,715.4101143836975,985.0929336547852,721.4202202320099,911.3751182556152,720.2859145641327,963.1189270019531,726.6465404510498,969.4783515930176,402.75759276151655
99,1002.0182189941406,676.8293832302094,937.5684356689453,691.2600840091706,978.6550827026367,696.308192539215,934.8723907470703,704.3842572212219,982.8415489196777,705.5927621841431,937.0447082519531,713.0917692661285,986.8877334594727,711.39184217453,942.3052253723145,720.1852366924286,991.1442489624023,714.0784173488616,949.7517700195312,730.3740670204163,906.6809005737305,661.6270987033844,974.6302185058594,675.0325820922851,931.9699172973633,692.9949618339539,1000.205451965332,700.1381753921509,924.8096580505371,710.8250968933105,1000.1861114501953,716.2029773235321,918.5257987976074,721.6277757167816,987.9744873046875,728.8707161903382,913.3505973815918,726.4232139110566,964.9681091308594,733.6664878368377,969.8278198242188,402.6965555667877
100,1001.2505722045898,685.9922057628631,940.1057968139648,702.7904049873353,973.9046058654785,703.1094570159912,949.1583251953125,714.0226073265076,977.3432807922363,708.4425930976868,954.8898010253906,719.033146905899,981.5482864379883,710.7261603832245,958.9212341308594,721.8405799865723,986.5710525512695,710.352965593338,957.0740089416504,726.4146182537079,909.6794013977051,666.3900808811188,976.9850463867188,681.0442934513092,935.4113273620605,698.2069683074951,1004.0805587768555,708.3870177268982,927.7305107116699,716.0082659244538,1003.4820556640625,723.9656216144562,920.862979888916,726.8432278633118,990.9584884643555,735.6825523376465,915.1980400085449,731.7217574119568,968.0025787353516,739.7194484710693,970.2024936676025,402.64235723018646
101,1001.2156219482422,690.223146390915,946.1481513977051,709.69752202034,970.0816383361816,704.6640606880188,965.139404296875,718.1486216545105,972.0727043151855,709.4545835494995,972.8420333862305,722.6744699001313,975.8114776611328,711.5827003479004,974.8260841369629,723.6799518585206,980.9261856079099,711.4035006523133,965.1417846679688,725.5264373779297,912.3197479248047,669.8289119243622,979.316047668457,685.6901721477509,938.7229957580566,701.6382411003112,1007.1060104370117,714.8762820720673,930.5961685180664,719.4756380081177,1006.0972137451172,730.0323278903961,923.2063751220703,730.4898737430573,993.4401397705078,740.7744048595429,917.120304107666,735.6153431892395,971.0361099243164,744.3786035060882,970.5510578155518,402.62004680633544
102,997.5767669677734,701.1734951496124,943.0226097106934,725.9720530509949,958.9480934143066,710.817217540741,976.7825546264648,727.811326122284,960.9697494506836,709.9888234138489,988.8204345703125,727.6096616268158,966.0656089782715,707.3015936851501,990.7228775024414,723.2800932407379,973.0263175964353,703.3374024868011,973.8264083862305,718.0594170093536,914.674861907959,671.7950079917907,981.2590713500977,689.351193523407,941.5888710021973,703.831171131134,1008.1698303222656,719.7577509403229,932.9928359985352,721.7538700580596,1007.0472106933594,734.7423529148102,925.0175743103027,732.8593852519989,994.3750762939453,744.782006597519,918.2170486450195,738.1014394760132,971.9431915283203,747.5712109565735,970.8701477050781,402.613553750515
103,996.1237564086914,708.4394808769226,941.035343170166,735.8999384880066,952.4170188903809,715.6496936321258,982.5522079467773,735.7752520561219,953.6354598999023,712.3479238033294,997.2055892944336,733.9161077022552,958.5804061889651,707.4100027084351,998.2436828613281,726.8837608337402,965.6561737060545,701.5058358669281,976.1918563842773,719.3719220161438,916.5984077453613,672.8837295055389,982.9974517822266,691.5253390789032,943.5423889160156,705.0978079319,1009.4795608520508,722.6865359306336,934.5881538391113,723.1200485229492,1008.4854583740234,737.5254810333251,926.2612609863281,734.3388263225555,995.9013977050781,747.5264295578003,919.1167144775391,739.7249195575714,974.0690460205078,749.7506917476654,971.1406173706055,402.61028097867967
104,996.5943374633789,709.6688451290131,939.9469757080078,736.0749762058258,951.0874671936035,716.070794391632,987.9967575073242,738.4022998332978,952.6296043395996,712.9012692451477,1001.7894973754883,736.4937304496765,957.8844337463379,708.3869559764862,1003.3289108276367,729.8368878364563,965.2265396118164,703.1525094032288,981.5790252685547,723.3741391181945,917.7399787902832,673.1364615917206,983.8900909423828,692.870584154129,944.8567657470703,705.4574917316437,1010.1829833984375,723.9445770740509,935.5291328430176,723.5603042602539,1008.9934158325195,738.8086792945862,926.8223190307617,734.8891459941864,996.2801055908203,748.5205370903016,919.3363037109375,740.4128561973572,974.3929138183594,750.70494556427,971.3241233825684,402.6074435472488
105,997.0553741455078,713.3728324413299,937.9014472961426,738.3472555160522,950.7309951782227,717.5747256755828,988.264045715332,740.6560787200928,952.3773422241211,712.4335716247558,1002.4025115966797,737.2919409751892,957.6481819152832,706.1742164134979,1005.010368347168,729.568508195877,964.973258972168,699.4137195587158,981.377082824707,719.8722856044769,918.4647674560547,672.9225087642669,984.2927169799805,693.3256846904754,945.519847869873,705.0491856575012,1010.2809677124023,723.9228903293609,936.0204734802246,723.0372412204742,1009.1926116943359,738.9382687091827,927.0789756774902,734.3633412361145,995.9840927124023,748.7083818435669,919.2629013061523,740.0242608547211,973.8189239501953,750.7626574993134,971.4717979431152,402.6060449004173
106,996.9965286254883,714.8702305316925,934.1717376708984,740.6509163856506,949.696849822998,718.7336450576782,987.3199081420898,741.6223491668701,951.7586860656738,712.6669140815735,1001.9980316162109,737.1921029090881,957.3489418029785,705.5665182590485,1004.9311981201172,729.1335753440857,965.0551986694336,698.0952988624573,977.7930908203125,719.6503546237946,918.9957847595215,672.5266886234283,984.3656158447266,693.377468585968,945.8661231994629,704.5155385971069,1010.3388748168945,723.4419410705566,936.1818580627441,722.3507618904114,1009.0544586181641,738.4739673614501,926.9942893981934,733.6150867938995,995.4305648803711,748.3607517242432,918.8127365112305,739.384538936615,972.9087753295898,750.3526224136352,971.591480255127,402.60839141607283
107,999.2838363647461,707.3393849372864,944.134220123291,727.7752515316009,956.6739921569824,715.4091510772705,990.5836944580078,735.4325743198394,957.9849700927734,714.2798471927642,1001.2549896240234,734.0484882354737,962.2232437133789,711.7078931331635,1001.8876876831055,729.77622423172,968.6384239196777,708.0724981784821,974.8981246948242,724.8769218444825,919.2505874633789,672.2355230808258,984.1214904785156,693.4581516742707,945.7388877868652,704.0075797080993,1010.3190307617188,723.0138625144958,936.0220069885254,721.815249967575,1008.7854995727539,737.9120015621186,926.8377914428711,733.1212316989898,995.0540542602539,747.751509809494,918.6740798950195,738.9688228130341,972.6130599975586,749.7904096126556,971.6958904266357,402.61717849969864
108,998.9539260864258,708.7692280769348,939.9490013122559,731.0489372730256,955.9680519104004,716.0960873603821,988.0781478881836,736.0371726036071,958.4216995239258,713.36891746521,999.7879257202148,733.4942165374756,963.6384658813477,709.5103812217712,1001.3548278808594,728.4476764678955,971.0540313720703,704.6596393585205,973.9083709716797,722.7363808631897,919.5332794189453,671.8152991771698,984.0120849609375,693.5003642559052,945.287841796875,703.5024983882904,1010.2350082397461,722.5811156272888,935.5600204467773,721.2940641403198,1008.42919921875,737.1898551940918,926.4886894226074,732.702008152008,994.8473739624023,747.1101206302643,918.5384674072266,738.633703327179,972.7355575561523,749.3907485961914,971.7763080596924,402.6296242952347
109,998.9552993774414,706.8631657600403,943.682201385498,727.8388050556183,957.7548294067383,715.5987495422363,989.5938262939453,733.4552149772644,959.5122528076172,714.8628451824188,1000.2112197875977,731.9428979873658,963.9037284851074,712.7252311706543,1000.4353179931641,727.7856503009796,970.6352462768555,709.1614419937134,971.0503234863281,723.602813243866,919.6758728027344,671.6744711875915,984.0151977539062,693.5355866909027,944.9337272644043,703.2672416687012,1010.1944046020508,722.178330039978,935.3421821594238,720.945655965805,1008.2265472412109,736.5820458889008,926.4788818359375,732.395602607727,994.9323348999023,746.541671037674,918.7811164855957,738.3521461486816,973.1910781860352,749.2178844928742,971.8480625152588,402.64213184118273
110,996.8310699462891,700.667685174942,949.1838798522949,713.1644371509552,962.8394165039062,712.4458723068237,993.0391845703125,726.2930810928344,963.5641593933105,717.4282660484314,998.7616424560547,728.905419921875,966.2407264709473,720.2985363483429,995.2681045532227,729.7003576755524,971.0955047607422,721.2631889343262,968.3451347351074,731.6393453121185,919.7692108154297,671.6335306644439,983.9810943603516,693.8135129451751,944.4434967041016,703.1572271347046,1009.9860305786133,721.9424064159393,934.9333190917969,720.7351735115051,1008.0905227661133,736.075383758545,926.2859230041504,732.2139699459076,995.1384201049805,745.8917850017548,918.8946304321289,738.1569160461426,973.618034362793,749.0481202602386,971.9078464508057,402.65313267707825
111,994.8566436767578,703.6569732189179,943.8632583618164,717.5058616161347,960.2783203125,714.0661290168762,991.779167175293,727.7696322441101,961.3450698852539,717.3327011108398,998.6869125366211,729.1345633506775,964.4619369506836,718.318324136734,995.5677337646484,728.2975241661072,969.659065246582,717.4121862411499,971.1406745910645,727.9012347221375,919.866268157959,671.5229109764099,983.8628311157227,694.0335049629211,944.1117324829102,703.1568566322327,1009.8325424194336,721.8820886135102,934.6430282592773,720.7080156803131,1007.8545455932617,735.7638652801513,926.1413726806641,732.1857253074646,995.2354202270508,745.5302239894867,918.9734802246094,738.0365027427673,973.9563446044922,748.9971267700196,971.9608497619629,402.66330296993254
112,993.0015563964844,708.0066598892212,938.2289886474609,726.0334823608398,955.3896789550781,716.0976558208465,990.2440567016604,731.1213705062867,956.8619155883789,717.3870538234711,999.9900283813477,730.8931162834167,960.722339630127,716.5416659832001,997.860466003418,727.6822430610657,966.6818389892578,713.8524725914001,973.1753425598145,725.9162800788879,920.0273323059082,671.6203037261963,983.9740905761719,694.1833114624023,943.9953460693359,703.3504565238952,1009.7565765380859,721.8794580459595,934.5674514770508,720.8084465503692,1007.8124542236328,735.654480600357,926.1477813720703,732.2590353965759,995.3527679443359,745.3873582363128,919.1021575927734,738.0616104602814,974.2791137695312,749.1764129161835,971.9906101226807,402.65904527902603
113,992.0652465820312,707.5883749485016,938.6106834411621,725.4113840103149,954.5053939819336,716.3589094638825,990.577033996582,730.586377286911,955.7140274047852,718.0089916229248,1000.1178359985352,730.5595776081085,959.4048843383789,717.2312328338624,997.7876358032227,727.0292077541351,965.1849517822266,714.5005925655365,975.9368705749512,724.8269904613495,920.0342102050781,671.7685788154602,984.0410614013672,694.226709651947,944.059684753418,703.581440114975,1009.7630310058594,721.9736768245697,934.7196807861328,721.031970691681,1007.9219970703125,735.7700279712677,926.3656883239746,732.4485474109649,995.5528335571289,745.3476033210754,919.3980102539062,738.1853953361511,974.5576858520508,749.2855752944946,972.0112609863281,402.64820499420165
114,990.5306396484375,706.3454503059387,939.0905914306641,723.9793425559998,953.4056625366211,716.4036785125733,991.2340393066406,730.0830496788025,954.5558395385742,718.9841664791107,1000.6135025024414,730.786609172821,958.3304672241211,718.7817856788636,998.0000152587891,727.7171690940856,964.0672760009766,716.5562020301819,977.4794654846191,726.2953782081604,920.1886253356934,671.877667093277,983.9694213867188,694.3121969223023,944.0641021728516,703.6155510425567,1009.6296844482422,722.0565335273743,934.7131004333496,721.1346122264862,1007.935661315918,735.8457957267761,926.376651763916,732.5955874919891,995.5465393066406,745.3810596942901,919.491325378418,738.3479841709137,974.596549987793,749.3504132270813,972.0261096954346,402.6398470759392
115,990.7912216186523,707.0322383880615,933.7880401611328,734.0994693756104,947.2392883300781,717.2074465751648,988.2524642944336,734.2766807079315,948.8129196166992,717.5908795833587,1001.551139831543,732.9538386821747,953.7362251281738,715.3331857204437,1001.1133346557617,726.8848599910737,960.7808647155762,711.2500632286071,980.367805480957,723.5475466251373,920.3955917358398,671.9012681007385,983.9012145996094,694.3139753341675,944.2422981262207,703.5493546009063,1009.5981903076172,722.1138132095336,934.8897171020508,721.1119621753693,1007.8373336791992,735.9293810844422,926.5257682800293,732.6137668132782,995.4921569824219,745.4610264778137,919.6374092102051,738.4307173728943,974.6813278198242,749.4074706077575,972.0375823974609,402.62786132097244
116,988.2125244140625,703.8131400108338,944.6161422729492,722.7003927230835,951.5251808166504,714.3617158889771,991.9001312255859,728.9418650150299,951.7608261108398,718.9000871181488,1002.5029449462891,731.1050560474396,954.7705535888672,720.4781806468964,999.2773818969727,728.7255039215088,959.7776298522949,719.7993830680847,978.3699645996094,728.0718758106232,920.6314315795898,671.9827415943146,984.0591201782227,694.3960663318634,944.4023895263672,703.4267800331115,1009.647102355957,722.0446774482728,935.069206237793,721.0350582122803,1007.880615234375,735.9386436462403,926.7179489135742,732.6108151435852,995.61767578125,745.4924821376801,919.8797721862793,738.5150560855866,974.9528503417969,749.5264760017395,972.0461082458496,402.6052421450615
117,987.6814956665039,704.3953599452973,941.299129486084,725.6783680915833,950.5041847229004,715.4248480319977,990.8898696899414,730.3896034240722,951.0277519226074,718.536920595169,1002.3637390136719,731.5778172016144,954.3690605163574,718.6286817073822,999.416015625,728.3394403457642,959.5721626281738,716.680962562561,978.5942230224609,726.2661702632904,920.8574752807617,672.0229658126831,984.1689834594727,694.5914446353912,944.5728607177734,703.3571379184723,1009.8587951660156,721.9447405815124,935.318000793457,720.9901780128479,1008.124397277832,735.8840068817138,927.038028717041,732.610716342926,995.9432601928711,745.360422706604,920.3130798339844,738.6010126590729,975.5322189331055,749.4840905189515,972.0549373626709,402.5762626767158
118,988.9087371826172,699.9675219535827,951.3171730041504,716.7786393642425,953.2049903869629,712.2330556869507,994.1700439453125,727.1535483837127,952.2072143554688,719.0959223747253,1003.9616546630859,731.178835439682,954.1693382263184,722.6459659099579,998.890869140625,730.7188566207885,958.1829071044922,723.802020072937,976.8060150146484,731.295074415207,921.1204490661619,671.9740594863891,984.3535308837891,694.8465479373932,944.9246063232422,703.2804068565368,1010.0814056396484,721.9715402603149,935.6713714599609,720.9358747005463,1008.3595275878906,735.8871067523957,927.3661994934082,732.5817430496215,996.1115341186523,745.2581393241883,920.619758605957,738.6328141212464,975.8001251220703,749.3340370178223,972.0569000244141,402.54216409921645
119,989.005989074707,701.9611093044281,948.0620956420898,720.3936319828033,952.1558303833008,713.3002757072449,993.1637420654297,729.054349565506,951.1826705932617,718.1493997097016,1003.6358184814453,731.7480754375458,953.2423210144043,719.7297409534455,998.7233505249023,730.0033422470093,957.3842582702637,719.1518064975738,975.9357604980469,728.4761681079865,921.2401428222656,671.8546959400177,984.5311431884766,695.028748703003,945.2027320861816,703.0978108882904,1010.3770751953125,721.9962527751923,935.9044418334961,720.7707664489747,1008.5401382446289,735.9624916553497,927.5381469726562,732.4218218326569,996.1704483032227,745.2057008743286,920.7205810546875,738.5173285007477,975.864990234375,749.2389907836914,972.0492839813232,402.50380783081056
120,989.0555191040039,700.3270946025848,956.756160736084,715.924408864975,954.3479804992676,712.4914070606231,995.2743759155273,727.0579463958741,952.417911529541,719.1774082183838,1004.9769744873047,731.2180593013763,953.6314315795898,722.2371905326843,998.6322326660156,730.8950552463532,957.0850410461426,722.7504723072052,975.1798782348635,730.902724647522,921.3902206420898,671.8454086780548,984.7660903930664,695.1060602188111,945.4027404785156,702.9996030330658,1010.7131652832031,721.9210037231445,936.0554809570312,720.7451400279999,1008.8234481811523,736.0040620326996,927.6437644958496,732.4247241020203,996.3388137817383,745.1579184055329,920.7898406982422,738.5233306407929,975.9414596557617,749.1585052967072,972.0363636016846,402.4668069839478
